id,name_ru,name_en,category,value_rub,stack_max,stack_declared,spawn_w_milli,spawn_rooms,spawn_count_max,equip_slot,durability,resist_kinetic,resist_buckshot,resist_energy,resist_fire,resist_psi,science_value,contraband_score,deceptive_score,use_effect,use_a,use_b,use_grant_id,use_grant_n,ammo_id,craft_mechanics,craft_electronics,craft_consumables,craft_bio,craft_chemical,craft_metal,craft_psimatter,craft_metamatter,craft_station,craft_tier,tag_count,tags_hot,tags_all,desc_ru,mass_g,light_radius_mm,light_intensity_e3,light_cone_deg,flicker
acid_bottle,Кислота,Acid,MISC,40,1,,1000,PRODUCTION|STORAGE,1,None,,,,,,,,,,None,,,,,,0,0,1,0,4,0,0,0,workbench,0,0,,,Промышленная кислота в бутылке без этикетки.,700,0,0,0,none
aerosol_paint_maiden,Аэрозольная краска «цвет девства»,Aerosol paint “color of virginity”,MISC,72,3,3,200,STORAGE|SMOKING|PRODUCTION,1,None,,,,,,,,,,None,,,,,,0,0,4,1,3,0,0,0,workbench,1,6,audit|black_market|contraband|trade,audit|black_market|contraband|mark|paint|trade,"Баллончик с неприлично чистым названием. Купи, спрячь или продай: на стене будет след, в протоколе будет вопрос.",400,0,0,0,none
agnia_a130,А-130 «Агния»,"A-130 ""Agnia""",WEAPON,5500,1,,80,PRODUCTION|HQ,1,Weapon,,,,,,,,,,None,,,,,ammo_fuel,8,2,0,0,15,10,0,0,lathe,2,8,cleanup|liquidator|weapon,cleanup|flame|fuel_clear|liquidator|sanitary|slime_counterplay|technical_cleanup|weapon,"Санитарный коридорный огнемёт. Урон 4x2. Слабее в бою, ровнее выжигает налёт обычным топливом.",7000,0,0,0,none
ak47,Калашников,Kalashnikov,WEAPON,5500,1,,0,,1,Weapon,,,,,,,,,,None,,,,,ammo_762,11,5,0,0,3,16,0,0,lathe,2,5,weapon,ammo_burn|old_world|plot_reward|rifle|weapon,"Старый АК-47 из довоенной оружейки. Урон 26. Точнее уставного автомата, но каждая очередь жжёт редкие 7.62.",4300,0,0,0,none
alcohol_bottle,Спирт,Alcohol,MISC,30,1,,1000,MEDICAL|PRODUCTION,1,None,,,,,,,,,,None,,,,,,0,0,1,0,4,0,0,0,workbench,0,0,,,Технический спирт. Медики смотрят строго.,700,0,0,0,none
alkali_powder,Щёлочная присыпка,Alkaline powder,MISC,28,8,8,700,STORAGE|PRODUCTION,2,None,,,,,,,,,,None,,,,,,0,0,1,2,2,0,0,0,lab,0,5,cleanup|reagent|slime,alkali|brown_slime|cleanup|reagent|slime,"Серый пакет щёлочной пыли для коричневой слизи. Сэкономь бензин: отнеси к акту, печи или продай цеху.",300,0,0,0,none
ammo_12g_chemical,Химический патрон 12 калибра,Chemical cartridge 12 gauge,AMMO,90,6,6,0,,1,None,,,,,,,,,,Unpack,,,decon_fluid,1,,0,0,0,0,2,2,0,0,lab,0,9,ammo|liquidator|nii|reagent,ammo|chemical|decon|issue_stash|liquidator|nii|reagent|shells|special_shell,Запаянный спецпатрон НИИ для зачистки слизи. Обычный дробовик его не подаёт: берегите как боезапас или вскройте в реагент.,45,0,0,0,none
ammo_12g_incendiary,Зажигательная дробь,Incendiary shot,AMMO,48,12,12,0,,1,None,,,,,,,,,,None,,,,,,0,0,0,0,2,1,0,0,lab,0,13,ammo|cleanup|counterplay|liquidator|slime,12g|ammo|cleanup|counterplay|fire|fuel_input|fungus|incendiary|liquidator|rare_hq|shells|shotgun|slime,Редкие 12 калибра с горючей обмазкой. E: выжечь близкий налёт слизи или грибницы без селектора патронов.,45,0,0,0,none
ammo_12g_slug,Пуля 12 калибра,12 gauge bullet,AMMO,28,12,12,0,,1,None,,,,,,,,,,None,,,,,,0,0,0,0,1,2,0,0,lathe,0,9,ammo|liquidator,ammo|anti_armor|armory_bench|hq_issue|liquidator|precision|shells|shotgun|slug,"Тяжёлая пуля для точной зачистки. В шкафу она идёт поштучно: украсть из описи, выбить на станке или сберечь до плохого коридора.",45,0,0,0,none
ammo_762,Патроны 7.62,7.62 Rounds,AMMO,18,255,,0,,1,None,,,,,,,,,,None,,,,,,0,0,0,0,1,1,0,0,lathe,0,0,,,Редкие винтовочные патроны для Калашникова,16,0,0,0,none
ammo_762tt,Патроны 7.62 ТТ,7.62 TT Rounds,AMMO,10,255,,0,,2,None,,,,,,,,,,None,,,,,,0,0,0,0,1,1,0,0,lathe,0,0,,,Пистолетные патроны для ТТ,11,0,0,0,none
ammo_9mm,Патроны 9мм,9mm Rounds,AMMO,3,255,,0,,4,None,,,,,,,,,,None,,,,,,0,0,0,0,1,1,0,0,lathe,0,0,,,"Девятка для ПМ, самоделок и ППШ. Маленькая валюта оружейки и коридора",8,0,0,0,none
ammo_belt,Лента 7.62,7.62 Belt,AMMO,140,255,,0,,1,None,,,,,,,,,,None,,,,,,0,0,0,0,2,2,0,0,lathe,0,0,,,Пулемётная лента. Большой вес и большой расход,2500,0,0,0,none
ammo_coupon_9mm,Талон на 9мм,9mm coupon,MISC,45,6,6,350,OFFICE|HQ,1,None,,,,,,,,,,None,,,,,,0,0,5,0,0,0,0,0,workbench,0,6,ammo|document|official|single_use,ammo|coupon|document|official|single_use|weapon_permit,"Малый патронный талон. Гасится на десять девяток, если шкаф еще признает смену.",10,0,0,0,none
ammo_coupon_shells,Талон на дробь,Fraction coupon,MISC,62,4,4,250,OFFICE|HQ,1,None,,,,,,,,,,None,,,,,,0,0,8,0,0,0,0,0,workbench,1,6,ammo|document|official|single_use,ammo|coupon|document|official|single_use|weapon_permit,Бумага на короткую пачку дроби. Для коридора полезнее жалобы.,10,0,0,0,none
ammo_energy,Энергоячейка,Energy Cell,AMMO,300,255,,0,,1,None,,,,,,,,,,None,,,,,,0,2,0,0,2,2,0,0,net_terminal,0,0,,,"Энергоячейка для плазмы, гаусса и БФГ. Это дорогой патрон, а не музейный экспонат.",120,0,0,0,none
ammo_fuel,Канистра бензина,Gasoline Can,AMMO,70,255,,0,,1,None,,,,,,,,,,None,,,,,,0,0,0,0,2,2,0,0,lathe,0,0,,,Дефицитное топливо для огнемёта,1200,0,0,0,none
ammo_harpoon,Гарпуны,Harpoons,AMMO,60,255,,0,,1,None,,,,,,,,,,None,,,,,,0,0,0,0,1,2,0,0,lathe,0,0,,,Тяжелые редкие гарпуны для водных ходов,350,0,0,0,none
ammo_issue_order,Ордер на выдачу патронов,Ammo Issue Order,MISC,72,1,,1000,OFFICE|HQ,1,None,,,,,,,,,,None,,,,,,0,0,8,0,0,0,0,0,workbench,1,4,ammo|document|single_use,ammo|document|single_use|weapon_permit,Одноразовый ордер на десять патронов 9мм. После погашения остается только запись в шкафу.,20,0,0,0,none
ammo_nagant,Патроны Наган,Nagant Rounds,AMMO,12,255,,0,,1,None,,,,,,,,,,None,,,,,,0,0,0,0,1,1,0,0,lathe,0,0,,,Старые револьверные патроны,12,0,0,0,none
ammo_nails,Гвозди,Nails,AMMO,9,255,,0,,2,None,,,,,,,,,,None,,,,,,0,0,0,0,1,1,0,0,lathe,0,0,,,Промышленные гвозди для гвоздомёта,6,0,0,0,none
ammo_rifle_coupon,Талон на винтовочные патроны,Rifle cartridge coupon,MISC,96,4,4,180,HQ|OFFICE,1,None,,,,,,,,,,RedeemCoupon,,,ammo_762,6,,0,0,8,0,0,0,0,0,workbench,1,8,document|liquidator|official|single_use,ammo_762|coupon|document|liquidator|official|rifle|single_use|weapon_permit,Закрытая бумага на малую выдачу 7.62. Погасить на шесть патронов или беречь для оружейного окна.,10,0,0,0,none
ammo_shells,Дробь,Shot,AMMO,12,255,,0,,1,None,,,,,,,,,,None,,,,,,0,0,0,0,1,1,0,0,lathe,0,0,,,Дробовые патроны для коридорных стволов,45,0,0,0,none
anti_spore_inhaler,Противоспоровый ингалятор,Anti-spore inhaler,MEDICINE,85,255,,550,MEDICAL|STORAGE,1,None,,,,,,,,,,Heal,24,,,,,0,0,3,0,5,0,0,0,lab,1,3,medicine,medicine|respiratory|spore_counterplay,"Разовый баллончик для мокрых коридоров и грибной пыли. Не делает воздух чистым, только даёт выйти из него живым.",120,0,0,0,none
antibiotic,Антибиотик,Antibiotic,MEDICINE,70,255,,1000,MEDICAL,1,None,,,,,,,,,,Heal,35,,,,,0,0,3,0,5,0,0,0,lab,1,3,medicine,antibiotic|medicine|triage,"Таблетки против обычной грязи. В карантине это не лечение, а выбор очереди.",120,0,0,0,none
antidep,Антидепрессант,Antidepressant,MEDICINE,95,255,,700,MEDICAL,1,None,,,,,,,,,,HealPsi,0,12,,,,0,0,3,0,5,0,0,0,lab,1,3,medicine,medicine|psi_restore|rare,"Редкая таблетка после ПСИ-срывов и плохих вылазок. +12 ПСИ, HP не лечит.",120,0,0,0,none
antiemetic,Противорвотное,Antiemetic,MEDICINE,24,255,,750,MEDICAL,2,None,,,,,,,,,,Antiemetic,8,,,,,0,0,2,0,3,0,0,0,lab,0,3,medicine,food_safety|medicine|nausea,"Малая таблетка после плохой еды, лифта и запаха сырого мяса. Спасает ужин ценой аптечного запаса.",120,0,0,0,none
antifungal_ointment,Противогрибковая мазь,Antifungal Ointment,MEDICINE,55,255,,1000,MEDICAL|BATHROOM,1,None,,,,,,,,,,Heal,20,,,,,0,0,2,0,3,0,0,0,lab,0,5,counterplay|medicine,counterplay|fungus|fungus_counterplay|medicine|spore_counterplay,"Жирная мазь от грибкового зуда, спор и подвальных компромиссов. Лечит мало, снимает споровую муть и остаётся страховкой грибных маршрутов.",120,0,0,0,none
archive_access_permit,Допуск в архив,Archive Clearance,MISC,85,1,,1000,OFFICE,1,None,,,,,,,,,,None,,,,,,0,0,8,0,0,0,0,0,workbench,1,7,access|document|document_gate|official|permit,access|archive|document|document_gate|ministry|official|permit,Короткий пропуск к картотеке райсовета.,20,0,0,0,none
arena_gold_trophy,Золотой Кубок Арены,,MISC,1500,1,1,0,,1,None,,,,,,,,,,None,,,,,,8,0,16,0,0,0,0,0,workbench,2,2,,arena_reward|trophy,Тяжелый кубок из переплавленного металла мутантов. Доказательство абсолютного доминирования на Арене. Ликвидаторы смотрят на него с уважением.,800,0,0,0,none
armor_cultist,Ряса Культиста,,MISC,2000,1,,15000,COMMON|MEDICAL,1,Armor,,10,10,40,0,75,,,,None,,,,,,8,0,16,0,0,0,0,0,workbench,2,0,,,"Странная ткань, пропитанная неизвестным составом. Защищает от ПСИ-воздействия.",6000,0,0,0,none
armor_heavy,Тяжёлая броня,,MISC,3000,1,,10000,PRODUCTION,1,Armor,,60,70,30,20,0,,,,None,,,,,,8,0,16,0,0,0,0,0,workbench,2,0,,,"Толстые пластины, способные выдержать сильный урон.",14000,0,0,0,none
armor_light,Лёгкая броня,,MISC,500,1,,50000,COMMON|PRODUCTION,1,Armor,,20,30,0,5,0,,,,None,,,,,,5,0,11,0,0,0,0,0,workbench,2,0,,,Базовая защита от кинетического урона и дроби.,4000,0,0,0,none
armor_liquidator,Броня Ликвидатора,,MISC,4500,1,,5000,PRODUCTION,1,Armor,,80,85,20,15,5,,,,None,,,,,,8,0,16,0,0,0,0,0,workbench,2,0,,,"Высочайшая защита от пуль и картечи, создана для штурмов.",11000,0,0,0,none
armor_medium,Средняя броня,,MISC,1200,1,,30000,MEDICAL|PRODUCTION,1,Armor,,40,50,15,10,0,,,,None,,,,,,5,0,11,0,0,0,0,0,workbench,2,0,,,Надежная защита для патрулей. Тяжеловата.,8000,0,0,0,none
asbestos_cord,Асбестовая верёвка,Asbestos rope,MISC,24,1,,1000,PRODUCTION|STORAGE,1,None,,,,,,,,,,None,,,,,,2,0,3,0,0,0,0,0,workbench,0,6,repair,cold_counter|heatline|hermetic|repair|seal_input|steam,"Жёсткая верёвка для гермодверей, паровых швов и вентилей. На Теплотрассе Ноль и в хладонном кармане тратится вместе с герметиком.",200,0,0,0,none
ato41_atomic_flamer,АТО-41,ATO-41,WEAPON,150000,2,2,0,,1,Weapon,,,,,,,,,,None,,,,,ato41_atomic_flamer,20,20,0,0,34,27,0,27,net_terminal,4,10,liquidator|weapon,atomic|collateral|darkness_route|deletion_beam|door_cutter|flame|liquidator|slime_counterplay|unique_reward|weapon,"Атомный огнемёт с двумя герметичными секциями. Режет короткую линию двери, слизи и цели; добыча в луче сгорает вместе с оправданием.",26000,0,0,0,none
axe,Топор,Axe,WEAPON,150,1,,1000,PRODUCTION,1,Weapon,,,,,,,,,,None,,,,,,4,0,0,0,0,4,0,0,lathe,1,0,,,Пожарный топор. Урон 34. Короткий сильный удар с долгим возвратом. Прочность 65,1200,0,0,0,none
ballot,Бюллетень,Ballot,MISC,1,1,,1000,OFFICE|COMMON|LIVING|CORRIDOR,1,None,,,,,,,,,,None,,,,,,0,0,1,0,0,0,0,0,workbench,0,0,,,"Избирательный бюллетень. Галочка стоит заранее, но очередь всё равно нужна.",200,0,0,0,none
bandage,Бинт,Bandage,MEDICINE,10,255,,1000,MEDICAL|BATHROOM,3,None,,,,,,,,,,Heal,15,,,,,0,0,1,0,2,0,0,0,lab,0,0,,,"Рулон бинта с больничной пылью. Малое лечение, которое нужно сразу после пореза.",120,0,0,0,none
bank_debt_paper,Долговая бумага банка,Bank Debt Paper,MISC,80,1,,700,OFFICE|HQ,1,None,,,,,,,,,,None,,,,,,3,0,5,0,0,0,0,0,workbench,1,7,access|audit|document|official,access|audit|banking|debt|debt_paper|document|official,"Официальная банковская строка: сумма, подпись, срок и намек на служебный вход для должника.",20,0,0,0,none
barrel_part,Заготовка ствола,Barrel blank,MISC,80,3,3,1000,PRODUCTION|STORAGE,1,None,,,,,,,,,,None,,,,,,3,0,0,0,0,5,0,0,lathe,1,6,production,armory|barrel|metal|production|repair_input|weapon_component,Сырая оружейная трубка без права на ошибку. Оружейник пустит её в ЧИЖ-3 или переборку автомата.,200,0,0,0,none
bayonet,Штык,Bayonet,WEAPON,105,1,,750,HQ|STORAGE,1,Weapon,,,,,,,,,,None,,,,,,3,0,0,0,0,5,0,0,lathe,1,5,liquidator|weapon,issue_gear|liquidator|melee_reach|metal|weapon,"Уставной штык из шкафов зачистки. Урон 13. Дальше ножа, слабее топора; можно украсть как оружие или сдать как железо. Прочность 65",300,0,0,0,none
bfg,БФГ-9000,BFG-9000,WEAPON,180000,1,,0,,1,Weapon,,,,,,,,,,None,,,,,ammo_energy,21,50,0,0,7,29,0,21,net_terminal,4,0,,,Тяжёлый опытный ствол НИИ. Урон 270 по большой площади. Энергоячейки исчезают вместе с комнатой,18000,0,0,0,none
black_market_shells,Чёрнорыночная дробь,Black market fraction,AMMO,42,12,12,0,,1,None,,,,,,,,,,Unpack,,,ammo_shells,4,,0,0,0,0,1,2,0,0,lathe,0,8,ammo|audit|black_market|contraband|weapon,ammo|audit|black_market|contraband|illegal_ammo_smelter|shells|shotgun|weapon,"Дробовые патроны с перебитым учётом. E: переложить в обычный подсумок, потеряв часть доказательств.",45,0,0,0,none
blank_form,Пустой бланк,Blank Form,MISC,10,1,,1000,OFFICE,1,None,,,,,,,,,,None,,,,,,0,0,3,0,0,0,0,0,workbench,0,0,,,"Чистый бланк под заявление, пропуск или подделку. Печать решает цену.",200,0,0,0,none
bleached_document,Выбеленная бумага,Bleached Paper,MISC,0,1,,0,,1,None,,,,,,,,,,None,,,,,,0,0,1,0,0,0,0,0,workbench,0,3,,documents|spoiled|veretar,Документ после контакта с белым песком. Текст почти ушёл; как пропуск больше не годится.,200,0,0,0,none
block_kit,Комплект блока,Block Kit,TOOL,400,1,,1000,STORAGE|PRODUCTION,1,Tool,1,,,,,,,,,None,,,,,,6,0,1,0,0,4,0,0,workbench,1,0,,,"Устанавливает один блок стены. Закрывает проход, если оборону держать нечем",3000,0,0,0,none
blue_glow_sample_open,Открытый синий образец,Opened Blue Sample,MISC,90,1,1,0,,1,None,,,,,,,,,,PsiSurge,18,-8,,,,0,0,1,4,2,0,1,0,lab,1,0,,,"Синяя проба без гермы. Дает короткий прилив, но пачкает руки, журнал и ближайший протокол.",200,0,0,0,none
blue_glow_sample_sealed,Герметичный синий образец,Sealed Blue Sample,MISC,420,1,1,0,,1,None,,,,,,,,,,UnsealSample,-6,,blue_glow_sample_open,1,,0,0,2,7,4,0,3,0,lab,2,0,,,Запаянная ампула с голубым свечением. НИИ платит за целую герму и чистый журнал эксперимента.,200,0,0,0,none
blueprint_t1_folder,Папка чертежей Т1,Folder of drawings T1,MISC,46,3,3,600,OFFICE|STORAGE|LIVING,1,None,,,,,,,,,,None,,,,,,0,0,5,0,0,0,0,0,workbench,0,7,access|document|production,access|blueprint|document|paper|production|recipe|tier1,"Папка простых схем для слесаря: полка, корпус, дверная мелочь. Можно продать, сдать в цех или оставить под заказ.",20,0,0,0,none
blueprint_t2_folder,Папка чертежей Т2,Folder of drawings T2,MISC,140,2,2,220,OFFICE|STORAGE|PRODUCTION,1,None,,,,,,,,,,None,,,,,,1,3,4,0,0,0,0,0,net_terminal,1,10,access|document|production,access|blueprint|document|fibrous_capsule|paper|production|recipe|terminal|tier2|valuable,"Плотная папка улучшенных схем. Цех просит ресурс, рынок просит молчание, терминал читает фиброзную капсулу.",20,0,0,0,none
blueprint_t3_folder,Папка чертежей Т3,Folder of drawings T3,MISC,420,1,1,0,,1,None,,,,,,,,,,None,,,,,,0,0,8,0,0,0,0,0,workbench,1,11,access|document|production,access|blueprint|deep_route|document|frozen|paper|production|rare|recipe|tier3|valuable,Редкий комплект глубоких схем с холодными пятнами на бумаге. Держите отдельно от воды и лишних свидетелей.,20,0,0,0,none
body_bag_roll,Рулон мешков для тел,Roll of body bags,MISC,58,4,4,450,HQ|MEDICAL,1,None,,,,,,,,,,None,,,,,,1,0,2,1,1,0,0,0,workbench,0,7,cleanup|evidence|liquidator|medical|samosbor|trade,cleanup|corpse|evidence|liquidator|medical|samosbor|trade,"Плотный санитарный рулон после отбоя. Им закрывают тело или отчёт: сдать ликвидатору, спрятать след или продать медпосту.",150,0,0,0,none
boiled_slime_residue,Вываренный остаток слизи,Boiled mucus residue,MISC,82,4,4,0,,1,None,,,,,,,,,,None,,,,,,0,0,2,2,4,0,0,0,lab,1,9,cleanup|evidence|nii|reagent|sample|slime|trade,boiled|cleanup|evidence|heat_counter|nii|reagent|sample|slime|trade,Сухая корка после кипятка и санитарного жара. НИИ берёт её как доказательство прожига; рынок берёт дешевле и без вопросов.,150,0,0,0,none
boiler_water,Кипяток,Boiling Water,DRINK,3,255,,1000,KITCHEN|COMMON,10,None,,,,,,,,,,Drink,16,,,,,0,0,1,0,1,0,0,0,any,0,0,,,"Мертвая вода. Кипячение убило споры, но оставило густой привкус машинного масла.",600,0,0,0,none
book,Книга,Book,MISC,3,1,,1000,LIVING|COMMON|OFFICE,1,None,,,,,,,,,,None,,,,,,0,0,2,0,0,0,0,0,workbench,0,0,,,"Потрёпанный том. Читают редко, меняют часто",200,0,0,0,none
borrowed_kitchen_key,Заёмный кухонный ключ,Borrowed Kitchen Key,MISC,28,1,,1000,KITCHEN|STORAGE,1,None,,,,,,,,,,None,,,,,,2,0,3,0,0,0,0,0,workbench,0,0,,,"Ключ с биркой общей кухни. Вернуть просили до сирены, но бирка уже врёт.",200,0,0,0,none
bottle_empty,Бутылка,Bottle,MISC,2,12,12,1000,KITCHEN|LIVING|STORAGE,12,None,,,,,,,,,,None,,,,,,0,0,0,0,1,0,0,0,lab,0,7,reagent|resident_good|trade,brewing|container|factory_input|reagent|resident_good|trade|water_container,"Пустая кухонная бутылка. Стащить, купить у повара или оставить на брагу: тара дешевле воды, пока её не попросил цех.",300,0,0,0,none
bottled_voice,Голос в банке,Voice in a Jar,MISC,250,1,,1000,STORAGE|OFFICE,1,None,,,,,,,,,,None,,,,,,2,0,5,0,0,0,4,0,lab,1,4,evidence|psi,evidence|psi|rare_trophy|voice,Запечатанная банка с голосовой аномалией. Жан принимает только закрытую крышку.,150,0,0,0,none
braga_bucket,Ведро браги,Bucket of mash,MISC,95,1,1,120,KITCHEN|SMOKING|STORAGE,1,None,,,,,,,,,,None,,,,,,0,0,3,1,4,0,0,0,workbench,1,7,black_market|contraband|trade,black_market|brewing|contraband|factory_output|food|kitchen|trade,"Тяжёлое ведро сладкой браги. Ещё не самогон, уже статья разговора.",200,0,0,0,none
brass_knuckles,Кастет,,WEAPON,90,1,,100,LIVING|STORAGE,1,Weapon,,,,,,,,,,None,,,,,,3,0,0,0,0,5,0,0,lathe,1,3,contraband|weapon,contraband|melee|weapon,"Самодельный свинцовый кастет. Весит карман, бьёт кость. Прочность 80",400,0,0,0,none
breach_charge,Пробивной заряд,Breakdown charge,WEAPON,740,2,2,45,HQ|PRODUCTION,1,Weapon,,,,,,,,,,None,,,,,breach_charge,4,0,0,0,7,5,0,0,lathe,2,9,liquidator|weapon,biomass|breach|collateral|door_work|engineer|grenade|liquidator|self_ammo|weapon,"Инженерная шашка для двери, биомассы и плохой стены. Урон 130 по малой площади. Шум слышит весь этаж.",2000,0,0,0,none
bread,Хлеб,Bread,FOOD,3,255,,1000,KITCHEN|STORAGE,10,None,,,,,,,,,,Feed,15,,,,,0,0,1,1,0,0,0,0,any,0,3,bait,bait|bait_stale|bait_starch,"Чёрствый пайковый ломоть. Сухой настолько, что им можно подпереть жалобу.",400,0,0,0,none
brown_slime_cleanup_act,Акт зачистки коричневой слизи,Brown Slime Cleanup Act,MISC,18,1,,0,,1,None,,,,,,,,,,None,,,,,,0,0,1,1,1,0,0,0,workbench,0,0,,,"Мокрый акт санобработки. Пахнет щёлоком, трубной слизью и чужим доверием.",200,0,0,0,none
brt2_foam_projector,БРТ-2 бетономёт,BRT-2 concrete thrower,WEAPON,3100,1,,0,,1,Weapon,,,,,,,,,,None,,,,,foam_grenade_6p10,4,2,0,0,10,8,0,0,lathe,2,9,liquidator|weapon,control|engineer|foam|foam_grenade_ammo|immobilizer|liquidator|projector|rare_engineer_crate|weapon,"Инженерный пенобетонный проектор. Урон 12 по малому пятну. Заряжается 6П10: украсть из серого ящика, прижать проход или сбить темп самосбора.",4800,0,0,0,none
burn_gel,Противоожоговый гель,Anti-burn gel,MEDICINE,46,255,,750,MEDICAL|HQ|STORAGE,1,None,,,,,,,,,,Heal,22,,,,,0,0,2,0,3,0,0,0,lab,0,3,medicine,burn|medicine|slime_counterplay,"Холодный гель после огня, кислоты и слишком уверенной пробы. Нанести сейчас дешевле, чем объяснять ожог врачу.",120,0,0,0,none
calm_brew,Успокоительный отвар,Calming Brew,DRINK,18,255,,800,MEDICAL|KITCHEN,2,None,,,,,,,,,,HealPsi,0,5,,,,0,0,2,0,1,0,0,0,workbench,0,3,,common|drink|psi_restore,"Тёплый отвар из аптечной кружки. Горчит так, будто знает диагноз. +5 ПСИ.",600,0,0,0,none
camera,Фотоаппарат,,MISC,140,1,1,200,LIVING|OFFICE,1,None,,,,,,,,,,None,,,,,,1,3,2,1,1,0,0,0,workbench,1,3,contraband|electronics|trade,contraband|electronics|trade,"Старая мыльница со вспышкой. Снимает плохо, но для компромата или доказательств хватает.",500,0,0,0,none
canned,Тушёнка,Tinned Stew,FOOD,10,255,,1000,KITCHEN|STORAGE,3,None,,,,,,,,,,Feed,30,,,,,0,0,1,2,0,0,0,0,workbench,0,3,bait,bait|bait_meat|bait_sealed,Мясная консерва без лишних вопросов к мясу. Крышка честнее этикетки.,400,0,0,0,none
caravan_route,Маршрут каравана,Caravan Route,MISC,65,1,,1000,OFFICE|SMOKING,1,None,,,,,,,,,,None,,,,,,3,0,5,0,0,0,0,0,workbench,1,0,,,Список дверей и остановок снабжения. Караванщики платят за рабочий маршрут.,200,0,0,0,none
card_deck,Колода карт,Deck of cards,MISC,22,1,1,550,COMMON|SMOKING|LIVING|KITCHEN,1,None,,,,,,,,,,None,,,,,,0,0,5,0,0,0,0,0,workbench,0,4,resident_good|trade,cards|durak|resident_good|trade,"Засаленная колода для кухонного дурака, долговой паузы и разговора, который проще вести через козыри.",200,0,0,0,none
cardboard_stack,Картон,Cardboard,MISC,3,20,20,1000,LIVING|STORAGE|OFFICE,10,None,,,,,,,,,,None,,,,,,0,0,2,0,0,0,0,0,workbench,0,3,resident_good,material|paper|resident_good,"Стопка картона для коробок, табличек и тихого подкладывания под шаткий шкаф.",200,0,0,0,none
ceramic_shards_pack,Керамика,Ceramics,MISC,8,12,12,800,BATHROOM|STORAGE|PRODUCTION,4,None,,,,,,,,,,None,,,,,,0,0,2,0,0,0,0,0,workbench,0,5,production|trade,ceramic|insulation|material|production|trade,"Пакет белой керамики из автомагазина: изолятор, осколок, доказательство бытового прогресса.",200,0,0,0,none
chain,Цепь,Chain,WEAPON,60,1,,1000,PRODUCTION|STORAGE,1,Weapon,,,,,,,,,,None,,,,,,2,0,0,0,0,3,0,0,lathe,0,0,,,"Ржавая цепь. Урон 14. Длинная, быстрая для своей длины и неровная. Прочность 75",1800,0,0,0,none
chainsaw,Бензопила,Chainsaw,WEAPON,3200,1,,1000,PRODUCTION,1,Weapon,,,,,,,,,,None,,,,,ammo_fuel,11,0,0,0,0,13,0,0,lathe,2,0,,,Бензопила. Урон 42. Паническая мясорубка на несколько ударов. Прочность 14,6000,0,0,0,none
chalk,Мелок,Chalk,TOOL,6,1,1,900,LIVING|COMMON|OFFICE|STORAGE,1,Tool,180,,,,,,,,,None,,,,,,1,0,0,0,0,1,0,0,workbench,0,4,tool|trade,map_mark|route_marker|tool|trade,"Короткий цветной мелок. Зажмите R: оставляет тонкую пиксельную метку под ногами, видимую на карте.",50,0,0,0,none
checkers_board,Шашки,Checkers,MISC,30,1,1,440,COMMON|LIVING|KITCHEN|SMOKING,1,None,,,,,,,,,,None,,,,,,1,0,4,0,0,0,0,0,workbench,0,4,resident_good|trade,checkers|resident_good|table_game|trade,"Стертая деревянная доска с набором шашек. Коробка не сохранилась, шашки перетянуты канцелярской резинкой.",200,0,0,0,none
chernobog_cell_map,Схема ячеек ЧБ-0,ChB-0 Cell Diagram,MISC,180,1,,0,,1,None,,,,,,,,,,None,,,,,,4,0,7,0,0,0,0,0,workbench,1,5,evidence,archive|chernobog|cult|evidence|witness,Карта центральной и внешней ячеек. Пустые адреса отмечены пустыми; рядом вписаны свидетели и время обхода.,150,0,0,0,none
chernobog_confiscation_act,Акт изъятия черной ладони,Black Palm Seizure Act,MISC,150,1,,0,,1,None,,,,,,,,,,None,,,,,,3,0,5,0,0,0,0,0,workbench,1,5,evidence,archive|chernobog|cult|evidence|witness,Изъят предмет: дощечка с черной ладонью. Свидетель записан в приложение Б.,150,0,0,0,none
chernobog_external_cell_index,Индекс внешней ячейки,External Cell Index,MISC,130,1,,0,,1,None,,,,,,,,,,None,,,,,,0,0,8,0,0,0,0,0,workbench,1,5,evidence,archive|chernobog|cult|evidence|witness,"Список жильцов с графой ""не культ"". У половины графа заполнена чужим почерком.",150,0,0,0,none
chernobog_liquidator_memo,Памятка ликвидатора ЧБ,Liquidator ChB Memo,MISC,160,1,,0,,1,None,,,,,,,,,,None,,,,,,4,0,7,0,0,0,0,0,workbench,1,5,evidence,archive|chernobog|cult|evidence|witness,"Приказ различать культ, очередь и совпадение. Подписант оставил только номер.",150,0,0,0,none
chernobog_redacted_central_note,Редакция центральной записки,Central Note Revision,MISC,240,1,,0,,1,None,,,,,,,,,,None,,,,,,0,0,56,0,0,0,0,34,net_terminal,4,5,evidence,archive|chernobog|cult|evidence|witness,"Черные прямоугольники держатся крепче печати. Видно: ""центр"", ""внешние"", ""не подтверждать"".",150,0,0,0,none
chernobog_witness_correction,Правка показаний ЧБ,ChB Testimony Correction,MISC,120,1,,0,,1,None,,,,,,,,,,None,,,,,,3,0,5,0,0,0,0,0,workbench,1,5,evidence,archive|chernobog|cult|evidence|witness,"Форма заменяет ""видел"" на ""предположил"". Поле для дрожи не предусмотрено.",150,0,0,0,none
chest_failsafe_charge,Фугасный нагрудный заряд,High Explosive Chest Charge,WEAPON,1650,1,1,0,,1,Weapon,,,,,,,,,,None,,,,,chest_failsafe_charge,4,0,0,0,11,9,0,0,lathe,2,9,contraband|liquidator|single_use|weapon,contraband|explosive|failsafe|grenade|liquidator|panic_clear|single_use|story_rare|weapon,"Опломбированный аварийный фугас. Урон 175 по площади. Один рывок, один взрыв, один рапорт: украсть, продать или оставить на безвыходный коридор.",1500,0,0,0,none
child_map,Карта детей,Children's Map,MISC,30,1,,1000,LIVING|COMMON,1,None,,,,,,,,,,None,,,,,,2,0,3,0,0,0,0,0,workbench,0,0,,,Карандашная карта двора и соседних комнат. Может вывести к тайнику или к чужой двери.,200,0,0,0,none
chizh3_shotgun,ЧИЖ-3,CHIZH-3,WEAPON,980,1,,140,HQ|STORAGE,1,Weapon,,,,,,,,,,None,,,,,ammo_shells,2,1,1,0,0,4,0,0,lathe,1,7,liquidator|permit|weapon,ammo_shells|corridor_stop|issue_stash|liquidator|permit|shotgun|weapon,"Уставной помповый дробовик зачистки. Урон 13x8. Уже обреза, быстрее ТОЗа, требует дробь и право на шум.",3300,0,0,0,none
cigs,Сигареты,Cigarettes,MISC,5,12,12,1000,LIVING|COMMON|SMOKING,6,None,,,,,,,,,,None,,,,,,0,0,1,1,0,0,0,0,workbench,0,0,,,Пачка «Прима». Курилка принимает её как пропуск без фотографии,200,0,0,0,none
circuit_board,Микросхема,Microchip,MISC,35,1,,1000,PRODUCTION|OFFICE,1,None,,,,,,,,,,None,,,,,,1,3,1,0,0,0,0,0,workbench,0,0,,,"Плата с дорожками и реле. Нужна для приборов, лифтовых обходов и ремонта.",200,0,0,0,none
clean_health_cert,Справка об отсутствии заражения,Certificate of No Infection,MISC,35,1,,1000,MEDICAL|OFFICE,1,None,,,,,,,,,,None,,,,,,0,0,5,0,0,0,0,0,workbench,0,2,document,document|quarantine,Медицинская справка с печатью. В карантинной очереди её смотрят до лица.,20,0,0,0,none
cleaning_kit,Чистящий комплект,Cleaning Kit,TOOL,80,1,,1000,BATHROOM|STORAGE|LIVING,1,Tool,240,,,,,,,,,None,,,,,,4,0,1,0,0,3,0,0,workbench,1,0,,,Зажмите R: очищает кровь/грязь в радиусе клетки и улучшает отношения. Ревизия любит чистый пол,1200,0,0,0,none
cleanup_order_stub,Корешок приказа на зачистку,Clearance order receipt,MISC,86,3,3,450,HQ|OFFICE,1,None,,,,,,,,,,None,,,,,,0,0,8,0,0,0,0,0,workbench,1,9,access|audit|cleanup|document|evidence|liquidator|official,access|audit|cleanup|confiscation|document|evidence|liquidator|official|order,"Отрывной корешок ликвидаторского приказа: сектор, подпись и строка для изъятого. Предъявите как основание, сдайте как улику или продайте тем, кто крадёт законно.",20,0,0,0,none
cleanup_tongs,Санитарные щипцы,Sanitary tongs,TOOL,160,1,,350,MEDICAL|HQ,1,Tool,32,,,,,,,,,None,,,,,,5,0,1,0,2,3,0,0,workbench,1,5,cleanup|liquidator|medical|tool,cleanup|liquidator|medical|sample_handling|tool,"Длинные щипцы медпоста. Держите в слоте инструмента: кислотная добыча берётся без фильтрующего слоя, но щипцы изнашиваются.",900,0,0,0,none
cloth_roll,Ткань,Cloth,MISC,6,8,8,1000,LIVING|STORAGE,5,None,,,,,,,,,,None,,,,,,1,0,1,0,0,0,0,0,workbench,0,8,counterplay|medical|samosbor,cloth|cold_counter|component|counterplay|filter|medical|samosbor|wet_cloth,"Рулон серой ткани. Его можно отдать прачечной, намочить для смога или потратить на белую щель.",200,0,0,0,none
concentrate_bonus_coupon,Премиальный талон концентрата,Premium concentrate coupon,MISC,42,4,4,240,OFFICE|KITCHEN|HQ,1,None,,,,,,,,,,None,,,,,,0,0,5,0,0,0,0,0,workbench,0,6,document|official|single_use,concentrate|coupon|document|official|ration|single_use,Талон на усиленную пайку. Очередь видит слово премия и считает ваши зубы.,10,0,0,0,none
concentrate_coupon,Талон на концентрат,Concentrate Coupon,MISC,3,1,,1000,OFFICE|COMMON|STORAGE,1,None,,,,,,,,,,None,,,,,,0,0,2,0,0,0,0,0,workbench,0,4,document,coupon|document|economy|ration,"Пищевой талон с жирной печатью. Обычно гасится на беляк; черняк, красняк и спецпай требуют чужой строки.",10,0,0,0,none
concrete_breaker_grenade,Бетонобойная граната,Concrete-piercing grenade,WEAPON,620,4,4,25,HQ|PRODUCTION,1,Weapon,,,,,,,,,,None,,,,,concrete_breaker_grenade,4,0,0,0,7,5,0,0,lathe,2,8,liquidator|single_use|weapon,breach|concrete|engineer|grenade|liquidator|rare_stash|single_use|weapon,"Инженерная бетонка для плотной цели и плохого шва. Урон 105 по средней площади. Бросить сейчас, украсть из ящика или сберечь до тупика.",700,0,0,0,none
confiscation_tag,Бирка конфиската,Confiscated tag,MISC,50,6,6,350,HQ|OFFICE,1,None,,,,,,,,,,None,,,,,,0,0,3,1,1,0,0,0,workbench,0,6,audit|contraband|document|evidence|liquidator,audit|confiscation|contraband|document|evidence|liquidator,"Красная бирка для чужого незаконного предмета. С ней вещь становится выбором: сдать, спрятать или продать дороже.",20,0,0,0,none
confiscation_warrant,Ордер на изъятие,Seizure Warrant,MISC,135,1,,350,HQ|OFFICE,1,None,,,,,,,,,,None,,,,,,0,0,8,0,0,0,0,0,workbench,1,7,access|audit|document|evidence|liquidator|official,access|audit|document|evidence|liquidator|official|warrant,"Ликвидаторский ордер на чужую бумагу, сейф или досмотр владельца. Его можно предъявить, подделать вокруг него алиби или продать опаснее денег.",20,0,0,0,none
conscripts_doublebarrel,Двустволка срочника,Conscript's double-barreled shotgun,WEAPON,900,1,,200,STORAGE|LIVING,1,Weapon,,,,,,,,,,None,,,,,ammo_shells,5,2,0,0,1,8,0,0,lathe,2,6,weapon,civilian|metal|militia|shotgun|starter|weapon,"Складская двустволка из ополченского тайника. Урон 10x7. Две уверенные попытки, потом длинная перезарядка и расход дроби.",3100,0,0,0,none
container_key_label,Бирка от ключа,Key Tag,MISC,9,1,,1000,STORAGE|OFFICE,1,None,,,,,,,,,,None,,,,,,0,0,3,0,0,0,0,0,workbench,0,0,,,Бирка со стёртым номером кладовки. Может подсказать контейнер или запутать вора.,200,0,0,0,none
contaminated_gloves,Загрязнённые перчатки,Contaminated gloves,MISC,8,6,6,0,,4,None,,,,,,,,,,None,,,,,,0,0,1,0,1,0,0,0,workbench,0,9,audit|cleanup|contraband|evidence|liquidator|trade,audit|cleanup|contaminant|contaminated|contraband|evidence|liquidator|ppe|trade,"Перчатки после сорванной зачистки. Дешёвая улика: можно сдать, спрятать или продать тем, кто не нюхает.",150,0,0,0,none
contaminated_sample_act,Акт испорченной пробы,Report of spoiled sample,MISC,58,3,3,240,MEDICAL|OFFICE,1,None,,,,,,,,,,None,,,,,,0,0,2,2,1,0,0,0,lab,0,6,audit|document|evidence|nii|sample,audit|contaminated|document|evidence|nii|sample,"Документ, где плохая проба становится виноватым шкафом. НИИ и ликвидаторы читают его по-разному.",20,0,0,0,none
contaminated_swab,Загрязнённый мазок,Contaminated smear,MISC,5,12,12,450,MEDICAL|STORAGE|SMOKING,6,None,,,,,,,,,,None,,,,,,0,0,1,1,0,0,0,0,lab,0,8,audit|evidence|sample|trade,audit|contaminant|contaminated|evidence|failed_sample|sample|swab|trade,"Мазок уже собрал больше пальцев, чем фактов. Годится как дешёвая улика, провал пробы или рыночная байка.",150,0,0,0,none
contraband_receipt_blank,Пустая расписка контрабанды,Blank contraband receipt,MISC,44,5,5,280,SMOKING|OFFICE|STORAGE,1,None,,,,,,,,,,None,,,,,,0,0,5,0,0,0,0,0,workbench,0,5,audit|contraband|document|forgery,audit|contraband|document|forgery|receipt,Расписка без товара и подписи. Самая дорогая часть сделки - пустое место.,20,0,0,0,none
contraband_shocker_parts,Детали шокера,Shocker details,MISC,150,2,2,250,PRODUCTION|OFFICE|SMOKING,1,None,,,,,,,,,,None,,,,,,1,3,2,1,1,0,0,0,lathe,1,6,black_market|contraband|electronics|production,black_market|contraband|electronics|production|shock_baton|weapon_part,"Катушка, рукоять и чужой предохранитель. Продайте Жоке, спрячьте от поста или несите в техническую кладовую на подпольную сборку.",500,0,0,0,none
corpse_number_tag,Номерок трупа,Body number,MISC,38,24,24,350,MEDICAL|HQ|STORAGE,1,None,,,,,,,,,,None,,,,,,0,0,2,2,1,0,0,0,workbench,0,7,cleanup|document|evidence|liquidator,cleanup|corpse|document|evidence|identity|liquidator|morgue,"Жестяная бирка после зачистки. Морг платит за отчёт, рынок - за чужую пустую строку; можно сдать, продать или спрятать.",20,0,0,0,none
cotton_wool,Вата,cotton wool,MISC,6,12,12,900,MEDICAL|BATHROOM|STORAGE,5,None,,,,,,,,,,None,,,,,,1,0,1,0,0,0,0,0,workbench,0,3,medical,component|filter|medical,"Серый медицинский комок для повязки, фильтра или заткнутого уха после сирены.",200,0,0,0,none
cracked_sample_jar,Треснувшая банка для пробы,Cracked sample jar,MISC,3,6,6,500,STORAGE|PRODUCTION|BATHROOM,6,None,,,,,,,,,,None,,,,,,0,0,0,1,1,0,0,0,workbench,0,6,trade,aftermath|container|contaminant|damaged|sampleware|trade,Стекло держится на честном слове и старом скотче. Образец в ней дешевеет ещё до сдачи.,200,0,0,0,none
crowbar,Лом,Crowbar,WEAPON,100,1,,1000,PRODUCTION|STORAGE,1,Weapon,,,,,,,,,,None,,,,,,4,0,0,0,0,4,0,0,lathe,1,0,,,"Тяжёлый лом. Урон 24. Средняя дистанция, высокая прочность 120",2500,0,0,0,none
cult_supply_list,Кухонный список ячейки,Cell Kitchen List,MISC,38,1,,1000,KITCHEN|STORAGE|OFFICE,1,None,,,,,,,,,,None,,,,,,2,0,3,0,0,0,0,0,workbench,0,0,,,"Хлеб, ключи, фамилии и стрелки к чужим кастрюлям. Доказательство пахнет кипятком.",200,0,0,0,none
deactivated_residue,Гашёный остаток,Extinguished Residue,MISC,55,255,255,0,,1,None,,,,,,,,,,None,,,,,,0,0,1,2,2,0,0,0,lab,0,5,reagent|sample|slime,burned|deactivated|reagent|sample|slime,"Серый сухой осадок после печи или кипятка. Уже не тянется к пальцам, но акт всё равно нужен.",250,0,0,0,none
debt_settlement_receipt,Квитанция о погашении,Settlement Receipt,MISC,110,1,,550,OFFICE|HQ,1,None,,,,,,,,,,None,,,,,,0,0,8,0,0,0,0,0,workbench,1,6,access|document|official,access|banking|debt|document|official|receipt,"Банк признает, что долг закрыт. Остальные признают только пока печать сухая.",20,0,0,0,none
decon_completion_stamp,Штамп санобработки,Sanitation stamp,MISC,55,4,4,320,HQ|MEDICAL|PRODUCTION,1,None,,,,,,,,,,None,,,,,,0,0,3,0,2,0,0,0,workbench,0,8,cleanup|document|liquidator|official|trade,cleanup|decon|document|liquidator|maintenance|official|stamp|trade,"Мокрая отметка о зачистке. Пол может быть грязным, но журнал уже успокоился; рынок берет ее как доказательство санобработки.",20,0,0,0,none
decon_fluid,Обеззараживающая жидкость,Disinfectant liquid,MISC,75,4,4,450,MEDICAL|PRODUCTION|HQ,1,None,,,,,,,,,,None,,,,,,0,0,1,3,4,0,0,0,lab,1,7,cleanup|counterplay|liquidator|reagent|slime,cleanup|counterplay|decon|fungus|liquidator|reagent|slime,"Щёлочная жидкость для пола, перчаток и плохих решений. Ликвидаторы ценят целую канистру выше рассказа.",300,0,0,0,none
denunciation,Донос,Denunciation,MISC,12,1,,1000,OFFICE|SMOKING,1,None,,,,,,,,,,None,,,,,,0,0,3,0,0,0,0,0,workbench,0,0,,,Подписан чужой рукой слишком уверенно.,200,0,0,0,none
dice_bone,Игральные кости,Dice,MISC,16,4,4,650,COMMON|SMOKING|LIVING,2,None,,,,,,,,,,None,,,,,,0,0,3,0,0,0,0,0,workbench,0,3,resident_good|trade,gambling|resident_good|trade,Пара костей с разными углами честности. У автомата звенят громче талона.,200,0,0,0,none
diver_route_tag,Бирка водолазного маршрута,Diver Route Tag,MISC,55,1,1,0,,1,None,,,,,,,,,,None,,,,,,0,0,4,0,0,1,0,0,workbench,0,4,,diver|maintenance|route|water_bridge,"Мокрая латунная бирка с зарубками сухого моста. Коту нужна как доказательство, что путь через угрей ещё держится.",200,0,0,0,none
domino_box,Коробка домино,Domino box,MISC,24,1,1,480,COMMON|SMOKING|LIVING|KITCHEN,1,None,,,,,,,,,,None,,,,,,1,0,4,0,0,0,0,0,workbench,0,4,resident_good|trade,domino|resident_good|table_game|trade,"Пластмассовые костяшки в мягкой коробке. За столом слышно не спор, а сухой щелчок счета.",200,0,0,0,none
door_kit,Комплект двери,Door Kit,TOOL,400,1,,1000,STORAGE|PRODUCTION,1,Tool,1,,,,,,,,,None,,,,,,6,0,1,0,0,4,0,0,workbench,1,0,,,Устанавливает одну дверь в проходе. Дверь выигрывает время при Самосборе и погоне,2500,0,0,0,none
duct_tape,Изолента,Electrical Tape,MISC,8,1,,1000,STORAGE|PRODUCTION|LIVING,1,None,,,,,,,,,,None,,,,,,0,0,2,0,0,0,0,0,workbench,0,0,,,"Черная лента для проводов, швов и быстрых временных решений.",200,0,0,0,none
easter_egg,Пасхальное яйцо,Easter Egg,FOOD,20,255,,0,,2,None,,,,,,,,,,HealPsi,10,3,,,,0,0,1,2,0,0,0,0,workbench,0,0,,,"Крашеное яйцо с трещиной в форме подъезда. Восстанавливает 10 HP, +3 ПСИ.",400,0,0,0,none
electrode_pack,Электроды,Electrodes,MISC,36,6,6,700,PRODUCTION|STORAGE,1,None,,,,,,,,,,None,,,,,,2,0,0,0,0,3,0,0,lathe,0,7,production|repair|trade,factory_input|metal|production|repair|repair_input|trade|welding,"Пачка электродов для сварки двери, трубы и последнего честного ремонта перед сиреной. Украсть из шкафа проще, чем потратить в цеху.",200,0,0,0,none
elevator_access_order,Ордер доступа к лифту,Elevator Access Order,MISC,62,1,,1000,OFFICE|HQ|CORRIDOR,1,None,,,,,,,,,,None,,,,,,0,0,8,0,0,0,0,0,workbench,1,5,access|document|official|permit,access|document|elevator|official|permit,Приказ на лифтовый доступ. На посту его сверяют с печатью и временем.,20,0,0,0,none
elevator_override_form,Бланк обхода лифта,Lift Bypass Form,MISC,42,1,,1000,OFFICE|CORRIDOR|HQ,1,None,,,,,,,,,,None,,,,,,0,0,5,0,0,0,0,0,workbench,0,0,,,"Бланк для служебного обхода лифта. Без печати спорный, с печатью дороже.",200,0,0,0,none
emergency_roster,Список укрытия,Shelter List,MISC,18,1,,1000,COMMON|HQ|OFFICE,1,None,,,,,,,,,,None,,,,,,0,0,3,0,0,0,0,0,workbench,0,0,,,"Фамилий больше, чем мест.",200,0,0,0,none
empty_roks_tank,Пустой ранцевый бак,Empty backpack tank,MISC,130,2,2,250,HQ|PRODUCTION|STORAGE,1,None,,,,,,,,,,None,,,,,,1,0,1,1,3,2,0,0,lathe,1,4,contraband|liquidator,contraband|fuel|liquidator|repair_input,"Пустой бак от РОКС. Бесполезен в руках, ценен у оружейника и подозрителен на рынке.",200,0,0,0,none
empty_sample_jar,Пустая банка для пробы,Empty sample jar,MISC,12,6,6,650,MEDICAL|STORAGE|KITCHEN,3,None,,,,,,,,,,None,,,,,,0,0,1,1,1,0,0,0,workbench,0,4,trade,container|sampleware|trade|unofficial,"Обычная чистая банка без номера НИИ. Подойдёт для рынка, слуха или отчёта без печати, но официальный пост такую не любит.",200,0,0,0,none
entrenching_spade,Саперная лопатка,Entrenching Spade,WEAPON,75,1,,1000,STORAGE|HQ,1,Weapon,,,,,,,,,,None,,,,,,4,0,0,0,0,4,0,0,lathe,1,0,,,Короткая военная лопатка. Урон 16. Надёжная. Прочность 100,1500,0,0,0,none
eralashnikov_auto,Автомат Ералашникова,Eralashnikov assault rifle,WEAPON,5200,1,,100,HQ,1,Weapon,,,,,,,,,,None,,,,,ammo_762,2,1,1,0,1,3,0,0,lathe,1,7,liquidator|permit|weapon,ammo_762|ammo_burn|issue_stash|liquidator|permit|rifle|weapon,"Штатная автоматическая винтовка ликвидатора. Урон 23. Быстрее старого Калашникова, но шире кладёт 7.62.",4300,0,0,0,none
experimental_concentrate,Несерийный концентрат,Non-serial concentrate,FOOD,34,255,,220,MEDICAL|PRODUCTION|STORAGE,1,None,,,,,,,,,,FeedRisky,32,-5,,,,0,0,1,3,1,0,0,0,workbench,0,6,bait|nii,bait|bait_risky|bait_starch|concentrate|experimental|nii,"Брикет без серии и с лабораторной наклейкой. Насыщает сильно, но желудок оформляет претензию без очереди.",400,0,0,0,none
fake_pass,Фальшивый пропуск,Forged Pass,MISC,45,1,,1000,OFFICE|SMOKING,1,None,,,,,,,,,,None,,,,,,0,0,5,0,0,0,0,0,workbench,0,8,access|audit|contraband|document|document_gate|permit,access|audit|contraband|document|document_gate|forged|pass|permit,Почти правильный цвет и чужая печать. На посту рискнут спросить фамилию.,20,0,0,0,none
felt_door_pad,Войлочная накладка,Felt Pad,MISC,18,6,6,800,LIVING|STORAGE|OFFICE,2,None,,,,,,,,,,None,,,,,,0,0,3,0,0,0,0,0,workbench,0,3,counterplay,counterplay|noise|quiet_door,Кусок войлока с клеем для ручки и косяка. Следующая дверь закрывается или открывается заметно тише.,200,0,0,0,none
fibrous_capsule_cut,Срез фиброзной капсулы,Section of the fibrous capsule,MISC,145,3,3,0,,1,None,,,,,,,,,,None,,,,,,0,0,2,4,2,0,0,0,lab,1,9,evidence|samosbor|sample|trade,aftermath|blueprint|capsule|evidence|factory_input|meat|samosbor|sample|trade,Плотная плёнка из мясного блока после самосбора. Её можно сдать как угрозу укрытию или спрятать для странной мастерской.,150,0,0,0,none
field_radio_battery,Батарея рации,Walkie Talkie Battery,MISC,38,6,6,750,STORAGE|OFFICE,1,None,,,,,,,,,,None,,,,,,1,3,1,0,0,0,0,0,workbench,0,4,electronics|trade,battery|electronics|radio|trade,"Плоский блок питания к полевой рации. Оставьте для связи, продайте электрику или обменяйте как дефицитную электронику.",500,0,0,0,none
filter_canister,Фильтр-канистра,Canister filter,MISC,55,4,4,600,STORAGE|HQ|MEDICAL,1,None,,,,,,,,,,None,,,,,,2,0,2,0,1,0,0,0,workbench,0,4,cleanup,cleanup|filter|smog|tools,"Тяжелая канистра фильтра. В обмене считается не железом, а минутами дыхания после сирены.",200,0,0,0,none
filter_layer,Фильтрующий слой,Filter Layer,MISC,16,1,,1000,MEDICAL|STORAGE,1,None,,,,,,,,,,None,,,,,,0,0,3,0,0,0,0,0,workbench,0,0,,,Серый материал для фильтра или повязки.,200,0,0,0,none
filter_receipt,Квитанция на фильтр,Filter Receipt,MISC,11,1,,1000,MEDICAL|STORAGE|OFFICE,1,None,,,,,,,,,,None,,,,,,0,0,3,0,0,0,0,0,workbench,0,0,,,Квитанция на выдачу фильтра противогаза. На складе её могут принять вместо рублей.,200,0,0,0,none
filtered_water,Вода фильтрованная,Filtered Water,DRINK,8,255,,1000,KITCHEN|MEDICAL|STORAGE,4,None,,,,,,,,,,Drink,35,,,,,0,0,1,0,1,0,0,0,any,0,0,,,"Пропущенная через уголь и марлю влага. Вкус ржавчины остался, зато осадок не скрипит на зубах.",600,0,0,0,none
fire_hook,Пожарный багор,Fire Hook,WEAPON,120,1,,1000,STORAGE|CORRIDOR,1,Weapon,,,,,,,,,,None,,,,,,4,0,0,0,0,4,0,0,lathe,1,0,,,Самый длинный ближний бой. Урон 18. Держит тварь на вытянутой руке. Прочность 80,3000,0,0,0,none
flamethrower,Огнемёт,Flamethrower,WEAPON,6500,1,,40,PRODUCTION|STORAGE,1,Weapon,,,,,,,,,,None,,,,,ammo_fuel,8,2,0,0,15,10,0,0,lathe,2,7,cleanup|weapon,cleanup|flame|fuel_clear|fungus_counterplay|industrial|slime_counterplay|weapon,"Промышленный огнемёт зачистки. Урон 6 за плевок. Выжигает слизь и грибной налёт, но быстро тратит бензин.",23000,0,0,0,none
flashlight,Фонарик,Flashlight,TOOL,150,1,,1000,STORAGE|LIVING|PRODUCTION,1,Tool,300,,,,,,,,,None,,,,,,3,2,1,0,0,2,0,0,workbench,1,0,,,Узкий круг света для тёмных коридоров. Батарея: 10 игровых часов (5 минут),350,20000,2500,30,none
foam_grenade_6p10,Пенобетонная граната 6П10,Foam concrete grenade 6P10,WEAPON,260,6,6,90,HQ|PRODUCTION,1,Weapon,,,,,,,,,,None,,,,,foam_grenade_6p10,2,0,0,0,5,4,0,0,lathe,1,8,liquidator|weapon,control|foam|grenade|issue_stash|liquidator|panic_control|self_ammo|weapon,Контрольная граната ликвидатора. Урон 18 по широкой площади. Носится пачкой: бросить сейчас или сберечь для узкого коридора.,500,0,0,0,none
foam_grenade_act,Акт выдачи 6П10,Certificate of issue 6P10,MISC,72,2,2,180,HQ|OFFICE,1,None,,,,,,,,,,None,,,,,,3,0,5,0,0,0,0,0,workbench,1,8,access|document|liquidator|official|single_use,access|document|foam|issue|liquidator|official|single_use|weapon_permit,"Акт на одну пеногранату 6П10. Сберечь до оружейного окна или погасить, пока журнал не передумал.",20,0,0,0,none
fog_detector,Детектор тумана,Fog Detector,TOOL,220,1,,1000,MEDICAL|HQ,1,Tool,80,,,,,,,,,None,,,,,,4,3,1,0,0,3,0,0,workbench,1,0,,,Пищит рядом с самосборной сыростью.,600,0,0,0,none
forged_bank_debt_paper,Липовая долговая бумага,Fake Debt Paper,MISC,68,1,,500,OFFICE|SMOKING,1,None,,,,,,,,,,None,,,,,,3,0,5,0,0,0,0,0,workbench,1,9,access|audit|contraband|document|forgery,access|audit|banking|contraband|debt|debt_paper|document|forged|forgery,"Долг с чужим почерком. Можно сдать управляющей, обналичить у должников или спрятать до ревизии.",20,0,0,0,none
forged_permit_slip,Кованый корешок пропуска,Forged Permit Slip,MISC,32,1,,1000,OFFICE|SMOKING|STORAGE,1,None,,,,,,,,,,None,,,,,,0,0,5,0,0,0,0,0,workbench,0,8,access|audit|contraband|document|document_gate|forgery|permit,access|audit|contraband|document|document_gate|forged|forgery|permit,"Подделка: печать ровная, бумага нервная.",20,0,0,0,none
forged_quarantine_clearance,Липовая карантинная справка,Fake Quarantine Certificate,MISC,36,1,,1000,MEDICAL|SMOKING|OFFICE,1,None,,,,,,,,,,None,,,,,,2,0,3,0,0,0,0,0,workbench,0,6,contraband|document|forgery|permit,contraband|document|forged|forgery|permit|quarantine,Поддельный документ пахнет йодом и дымом.,20,0,0,0,none
forged_raionsovet_pass,Липовый пропуск райсовета,Fake District Council Pass,MISC,75,1,,550,OFFICE|SMOKING,1,None,,,,,,,,,,None,,,,,,0,0,8,0,0,0,0,0,workbench,1,10,access|audit|contraband|document|document_gate|forgery|permit,access|archive|audit|contraband|document|document_gate|forged|forgery|permit|raionsovet,"Похож на допуск к картотеке, но чернила сушили слишком быстро. Открывает слабые посты и зовет сильный аудит.",20,0,0,0,none
forged_ration_card,Поддельная пайковая карточка,Forged Ration Card,MISC,18,1,,1000,KITCHEN|SMOKING|COMMON,1,None,,,,,,,,,,None,,,,,,0,0,3,0,0,0,0,0,workbench,0,4,audit|contraband,audit|contraband|forged|ration,"Талонная подделка для быстрой очереди. Используйте, чтобы продать рынку, или сдайте как улику.",200,0,0,0,none
forged_shelter_tally,Липовая ведомость укрытых,Fake Shelter Roster,MISC,95,1,,0,,1,None,,,,,,,,,,None,,,,,,3,0,5,0,0,0,0,0,workbench,1,4,document|forgery,document|forgery|istotit|shelter_tally,Исправленный список после Истотита. Лишние фамилии выглядят живее настоящих.,20,0,0,0,none
forged_stamp_sheet,Лист с поддельной печатью,Sheet with a Forged Stamp,MISC,70,1,,1000,OFFICE|SMOKING,1,None,,,,,,,,,,None,,,,,,0,0,3,1,1,0,0,0,workbench,0,5,audit|contraband|document|forgery,audit|contraband|document|forgery|stamp,"Подделка для архивного прохода, ночного оружейного окна и скупки подделок. Свидетели и аудит запоминают ровную печать.",20,0,0,0,none
frozen_item_shard,Осколок замороженного предмета,Frozen Item Shard,MISC,96,4,4,80,STORAGE|PRODUCTION,1,None,,,,,,,,,,None,,,,,,0,0,1,5,2,0,0,0,lab,1,8,evidence|sample,anomaly|cold|evidence|factory_input|frozen|rare_recipe|recipe_unlock|sample,"Лёд, стекло и неизвестный предмет спаялись в одну холодную улику. Хорош для НИИ, редкого рецепта и плох для голой руки.",150,0,0,0,none
frozen_slime_core,Замороженное ядро слизи,Frozen Slime Core,MISC,180,3,3,80,MEDICAL|STORAGE|PRODUCTION,1,None,,,,,,,,,,None,,,,,,0,0,2,4,5,0,0,0,lab,1,8,evidence|nii|sample|slime,aftermath|calcified|cold|evidence|frozen|nii|sample|slime,"Слизевой комок, остановленный холодом и уже начавший каменеть. Держите отдельно от еды, отчётов и кожи.",150,0,0,0,none
fuel_issue_stamp,Штамп выдачи топлива,Fuel dispensing stamp,MISC,76,3,3,180,HQ|PRODUCTION|OFFICE,1,None,,,,,,,,,,None,,,,,,0,0,3,0,2,0,0,0,workbench,0,6,document|liquidator|official|single_use,document|fuel|liquidator|official|single_use|stamp,Масляный штамп на огневой запас. Один раз превращается в канистру бензина.,20,0,0,0,none
fuse,Предохранитель,Fuse,MISC,20,1,,1000,PRODUCTION|STORAGE,1,None,,,,,,,,,,None,,,,,,1,0,2,0,0,0,0,0,workbench,0,0,,,"Маленькая деталь между светом, терминалом и пожаром. Электрик берёт первым, спорит потом.",200,0,0,0,none
g41_grenade_launcher,5Г41 станковый гранатомёт,5G41 easel grenade launcher,WEAPON,12000,1,,0,,1,Weapon,,,,,,,,,,None,,,,,grenade,6,3,0,0,14,12,0,0,lathe,2,7,liquidator|weapon,grenade|liquidator|mounted|production_belt|stationary|theft|weapon,"Пломбированный станковый гранатомёт смены 14. Урон 125 по площади. Станок стоит на маршруте; украсть его можно, но каждая граната пишет ревизию.",6300,0,0,0,none
gas_sample_ampoule,Ампула газовой пробы,Gas sample ampoule,MISC,165,3,3,160,MEDICAL|PRODUCTION|HQ,1,None,,,,,,,,,,None,,,,,,0,0,1,7,3,0,0,0,lab,1,5,evidence|nii|sample,ampoule|evidence|gas|nii|sample,"Запаянная ампула с зелёно-фиолетовой памятью самосбора. НИИ платит за целую, ликвидатор спрашивает, где был противогаз.",150,0,0,0,none
gasmask_filter,Фильтр противогаза,Gas Mask Filter,MISC,70,6,6,800,MEDICAL|STORAGE|HQ,1,None,,,,,,,,,,None,,,,,,3,0,5,0,0,0,0,0,workbench,1,5,cleanup|liquidator,cleanup|filter|gasmask|liquidator|ppe,"Сухой сменный фильтр. В смоге уходит в расход, от спор и борщевика бережёт горло. Сберечь для маршрута, сдать или продать.",200,0,0,0,none
gauss,Гаусс-винтовка,Gauss Rifle,WEAPON,60000,1,,0,,1,Weapon,,,,,,,,,,None,,,,,ammo_energy,16,38,0,0,6,22,0,0,net_terminal,3,0,,,Рельсотрон. Урон 180. Медленный точный выстрел за энергоячейку,12000,0,0,0,none
gear,Шестерня,Gear,MISC,9,1,,1000,PRODUCTION|STORAGE,1,None,,,,,,,,,,None,,,,,,1,0,0,0,0,2,0,0,workbench,0,0,,,Зубчатая мелочь для механизмов.,200,0,0,0,none
glass_ampoule_empty,Пустая ампула,Empty ampoule,MISC,14,12,12,750,MEDICAL|PRODUCTION,3,None,,,,,,,,,,None,,,,,,0,0,3,0,0,0,0,0,workbench,0,5,medical|trade,ampoule|component|medical|sampleware|trade,"Тонкое стекло для лекарства, газа или беды в кармане. Пустая стоит мало, целая — уже подготовка.",200,0,0,0,none
glass_shard,Стекло,Glass,MISC,2,1,,1000,LIVING|CORRIDOR,1,None,,,,,,,,,,None,,,,,,0,0,1,0,0,0,0,0,workbench,0,0,,,"Острый остаток окна, которого не было.",200,0,0,0,none
govnyak_bad_batch,Гремучая партия говняка,Rough Govnyak Batch,MISC,13,4,4,1000,SMOKING|STORAGE,3,None,,,,,,,,80,,None,,,,,,0,0,1,1,1,0,0,0,workbench,0,6,bait|contraband,bad_batch|bait|bait_govnyak|bait_risky|contraband|govnyak,"Неровная партия с резким дымом. Даёт облегчение хуже, кашель и долг сильнее; рынок сбывает её быстро, монстры чуют охотно.",200,0,0,0,none
govnyak_brick,Прессованный говняк,Pressed Govnyak,MISC,24,6,6,1000,SMOKING|STORAGE,2,None,,,,,,,,80,,None,,,,,,0,0,2,2,1,0,0,0,workbench,0,5,bait|contraband|trade,bait|bait_govnyak|contraband|govnyak|trade,"Плотный брикет из подвала рынка. Облегчение сильнее, долг заметнее; товар хорош для скупки, доноса или приманки.",200,0,0,0,none
govnyak_courier_package,Опечатанный пакет,Sealed Package,MISC,1,1,1,0,,1,None,,,,,,,,,,None,,,,,,0,0,1,0,0,0,0,0,workbench,0,0,,,Тяжелый сверток с рыночной ниткой и чужой пломбой. Внутри пахнет дешёвым забытьем; адрес важнее содержимого.,200,0,0,0,none
govnyak_roll,Говняк-самокрут,Govnyak Roll-Up,MISC,7,12,12,1000,SMOKING|COMMON|STORAGE,5,None,,,,,,,,80,,None,,,,,,0,0,1,1,0,0,0,0,workbench,0,5,bait|contraband,bait|bait_govnyak|contraband|govnyak|pressure,"Дешёвый свёрток: коротко глушит ПСИ, оставляет кашель, долг и дымовую приманку. Можно курить, продать, сдать или бросить как отвлечение.",200,0,0,0,none
govnyak_sample,Проба говняка НИИ,NII Govnyak Sample,MISC,85,3,3,1000,MEDICAL|OFFICE|STORAGE,1,None,,,,,,,70,80,,None,,,,,,0,0,1,4,3,0,0,0,workbench,1,5,bait|contraband,bait|bait_govnyak|contraband|govnyak|science,"Опломбированная лабораторная проба. Учёные платят за состав, ликвидаторы спрашивают источник. Вскрывать и курить нельзя: после сорванной пломбы это уже испорченная улика.",200,0,0,0,none
granit4u_belt_shotgun,«Гранит»-4у,"""Granit""-4u",WEAPON,220000,1,,12,HQ,1,Weapon,,,,,,,,,,None,,,,,ammo_shells,39,20,0,0,10,59,0,0,lathe,4,8,liquidator|weapon,ammo_shells|belt_feed|corridor_stop|crowd_control|deep_liquidator_reward|liquidator|shotgun|weapon,"Ленточный дробовик ветерана. Урон 8x12. Разлёт огромный, возврат долгий: толпу держит, одиночную цель кормит дробью зря.",5200,0,0,0,none
gravity_beam_emitter,Гравитационный лучевой излучатель,Gravity Beam Emitter,WEAPON,500000,1,,0,,1,Weapon,,,,,,,,,,None,,,,,ammo_energy,30,70,0,0,10,40,0,30,net_terminal,4,6,weapon,deletion_beam|energy|gravity_beam|net|rare_weapon|weapon,"GBE. Редкий НЕТ-ствол: дорогой импульс за энергоячейку удаляет линию стен, целей и части вещей. Не стрелять рядом с наградой.",9000,0,0,0,none
green_briquette,Спецпай зелёный,Green Special Ration,FOOD,6,255,,1000,KITCHEN|STORAGE,5,None,,,,,,,,,,Feed,20,,,,,0,0,1,1,0,0,0,0,any,0,3,bait,bait|bait_fungal|bait_starch,"Экспериментальный концентрат с официальным словом наполнитель. Сытнее беляка, разговорчивее этикетки.",400,0,0,0,none
grenade,Граната,Grenade,WEAPON,160,255,255,1000,STORAGE,1,Weapon,,,,,,,,,,None,,,,,grenade,2,0,0,0,6,3,0,0,lathe,1,0,,,РГД-5. Урон 90 по площади. Кидай и прячься,600,0,0,0,none
grey_briquette,Концентрат-беляк,Belyak Concentrate,FOOD,4,255,,1000,KITCHEN|STORAGE|COMMON,8,None,,,,,,,,,,Feed,18,,,,,0,0,1,1,0,0,0,0,any,0,4,bait,bait|bait_starch|concentrate|daily_ration,"Белый ежедневный концентрат: рабочая норма из раздатчика, без вкуса и без права спорить с талоном.",400,0,0,0,none
grn420_gravizhernov,Гравижернов ГРН-420,Gravizhernov GRN-420,WEAPON,140000,1,,0,,1,Weapon,,,,,,,,,,None,,,,,ammo_energy,18,49,0,0,6,31,0,24,net_terminal,4,8,liquidator|weapon,biomass_clear|energy|gravity_aoe|liquidator|rare_weapon|silicon_net_well|veteran|weapon,"Ветеранская тяжёлая установка ликвидации. Урон 210 по зоне: сжимает толпу и биомассу, но тратит энергоячейку и портит всё рядом.",9500,0,0,0,none
gunstock,Приклад,Stock,MISC,35,1,,1000,PRODUCTION|STORAGE,1,None,,,,,,,,,,None,,,,,,2,0,3,0,0,0,0,0,workbench,0,0,,,Деревянный приклад для самодельного оружия. Помогает держать отдачу плечом.,200,0,0,0,none
gusl_index_fragment,Обрывок ГУСЛ,GUSL fragment,MISC,28,5,5,400,OFFICE|STORAGE,2,None,,,,,,,,,,None,,,,,,0,0,5,0,0,0,0,0,workbench,0,7,document|evidence|trade|weapon,document|evidence|fragment|gusl|index|trade|weapon,"Кусок индекса с половиной номера. Архивист спорит о странном стволе, рынок покупает подсказку без целой страницы.",20,0,0,0,none
gusl_index_page,Страница индекса ГУСЛ,GUSL Index Page,NOTE,60,1,1,220,OFFICE|HQ|STORAGE,1,None,,,,,,,,,,None,,,,,,0,0,5,0,0,0,0,0,workbench,0,6,access|document|official,access|document|gusl|index|lore|official,Страница классификатора снаряжения: номера важнее названий. Архив берет ее как подсказку к уставной выдаче.,20,0,0,0,none
hammer,Молоток,Hammer,WEAPON,30,1,,1000,PRODUCTION|STORAGE,1,Weapon,,,,,,,,,,None,,,,,,2,0,0,0,0,3,0,0,lathe,0,0,,,"Рабочий молоток. Урон 13. Быстрее ключа, короче трубы. Прочность 65",900,0,0,0,none
harpoon_gun,Гарпун,Harpoon,WEAPON,1250,1,,1000,PRODUCTION|STORAGE,1,Weapon,,,,,,,,,,None,,,,,ammo_harpoon,11,0,0,0,0,13,0,0,lathe,2,0,,,Для затопленных ходов. Урон 88. Медленный точный промышленный гарпун,4200,0,0,0,none
hazard_shift_extension,Допуск на сверхсмену,Admission to extra shift,MISC,58,4,4,280,PRODUCTION|HQ|OFFICE,1,None,,,,,,,,,,None,,,,,,2,0,3,0,0,0,0,0,workbench,0,8,access|document|document_gate|official|permit|production,access|document|document_gate|hazard|official|permit|production|quarantine,"Разрешение работать там, где нормальная смена уже вышла. Риск вписан мелким шрифтом.",20,0,0,0,none
heating_element,Нагревательный элемент,Heating element,MISC,38,4,4,550,KITCHEN|PRODUCTION|STORAGE,1,None,,,,,,,,,,None,,,,,,0,2,1,0,2,0,0,0,workbench,0,8,electronics|production|trade,brewing|electronics|factory_input|heat|kitchen|production|thaw|trade,"Спираль из чайника, сушилки или подпольного аппарата. Сберегите для отогрева проб, варки браги или продажи электрику.",500,0,0,0,none
hermetic_tape,Гермолента,Germolenta,MISC,26,8,8,750,STORAGE|MEDICAL,2,None,,,,,,,,,,None,,,,,,2,0,2,0,1,0,0,0,workbench,0,8,cleanup|counterplay|repair|samosbor,cleanup|counterplay|repair|samosbor|seal|sealant|technical_cleanup|temporary_seal,Плотная лента для быстрых временных швов. Заклейте щель роя сейчас или оставьте рулон для медпункта до сирены.,200,0,0,0,none
hermo_gasket,Гермопрокладка,Hermetic gasket,MISC,60,1,,1000,STORAGE|PRODUCTION,1,None,,,,,,,,,,None,,,,,,3,0,2,0,0,0,0,0,workbench,0,6,repair|samosbor|tool,hermodoor|lift|repair|samosbor|seal|tool,"Сухая резиновая прокладка для гермодвери и лифтового тамбура. Потратьте на дверной щиток, отдайте ремонтнику или берегите до сирены.",200,0,0,0,none
hermodoor_journal,Журнал обслуживания гермодверей,hermodoor maintenance log,MISC,64,2,2,1000,MEDICAL|OFFICE|STORAGE|PRODUCTION,1,None,,,,,,,,,,None,,,,,,1,0,4,0,0,0,0,0,workbench,0,8,audit|document|official|repair|trade,audit|document|hermodoor|maintenance|official|repair|service_log|trade,"Служебный журнал: какая герма клинила, кого закрыли и кто расписался после ремонта. Годится для ремонта, доноса или сделки у двери.",20,0,0,0,none
holy_water,Святая вода,Holy Water,MEDICINE,70,255,,0,,1,None,,,,,,,,,,HealPsi,20,10,,,,0,0,2,0,4,0,2,0,lab,1,3,medicine,medicine|psi_restore|rare,Освящённая вода из паломничьей фляги. Лечит 20 HP и возвращает +10 ПСИ.,120,0,0,0,none
homemade_9mm,Кустарные 9мм,Handicraft 9mm,AMMO,11,12,12,0,,2,None,,,,,,,,,,Unpack,,,ammo_9mm,6,,0,0,0,0,1,1,0,0,lathe,0,7,ammo|audit|black_market|contraband|production,9mm|ammo|audit|black_market|contraband|homemade|production,"Неровная девятка из гильзоплавки. E: перебрать пачку в шесть пригодных 9мм, потеряв подпольный след.",8,0,0,0,none
homemade_ammo_instruction,Инструкция кустарных патронов,Instructions for homemade cartridges,MISC,90,2,2,300,PRODUCTION|STORAGE|SMOKING,1,None,,,,,,,,,,None,,,,,,0,0,3,1,1,0,0,0,workbench,0,10,ammo|audit|black_market|contraband|document|production,ammo|audit|black_market|contraband|document|homemade|instruction|paper|production|recipe,"Лист с копотью, где гильза становится обещанием. Стащить, купить или держать для гильзоплавки; ревизору лучше не показывать.",20,0,0,0,none
homemade_pistol,Кустарный пистолет,Homemade pistol,WEAPON,350,1,,550,PRODUCTION|STORAGE,1,Weapon,,,,,,,,,,None,,,,,ammo_9mm,4,1,0,0,1,5,0,0,lathe,1,6,contraband|weapon,ammo_9mm|contraband|craft_pistol|homemade|sidearm|weapon,Короткоствол из мастерской и чужого чертежа. Урон 27. Сильный разброс; живёт на дефицитной 9мм и гильзоплавке.,700,0,0,0,none
idol_chernobog,Идол Чернобога,Idol of Chernobog,MISC,200,1,,1000,COMMON|STORAGE|OFFICE|SMOKING,1,None,,,,,,,,,,None,,,,,,2,0,5,0,0,0,4,0,lab,1,0,,,"Тёмная фигурка из неизвестного камня. Якову нужен целый образец, культисты ищут его как святыню.",200,0,0,0,none
import_toiletpaper,Туалетная бумага «Импорт»,"Toilet paper ""Import""",MISC,18,6,6,180,BATHROOM|STORAGE|COMMON,2,None,,,,,,,,,,None,,,,,,0,0,3,0,0,0,0,0,workbench,0,7,resident_good|trade,barter|hygiene|import|paper|resident_good|trade|vending,"Белый рулон из автомагазина с чужим штрихкодом. Купите как роскошь, украдите как доказательство дефицита или обменяйте у санузла.",200,0,0,0,none
infected_mushroom,Заражённый гриб,Infected Mushroom,FOOD,2,255,,1000,STORAGE|PRODUCTION,15,None,,,,,,,,,,FeedRisky,12,-8,,,,0,0,0,1,0,0,0,0,any,0,4,bait,bait|bait_fungal|bait_risky|contaminant,"Пятнистая шляпка после сырости. Даёт немного сытости и сажает здоровье, если есть без нужды.",400,0,0,0,none
ink_bottle,Чернила,Ink,MISC,8,1,,1000,OFFICE,1,None,,,,,,,,,,None,,,,,,0,0,2,0,0,0,0,0,workbench,0,0,,,Черные чернила для белой лжи.,200,0,0,0,none
inspection_mirror,Смотровое зеркальце,Inspection Mirror,MISC,22,1,,1000,BATHROOM|MEDICAL|OFFICE,1,None,,,,,,,,,,None,,,,,,2,0,3,0,0,0,0,0,workbench,0,0,,,"Малое зеркало для проверки угла, трубы или щели перед входом.",200,0,0,0,none
instant_coffee,Кофе растворимый,Instant Coffee,DRINK,10,255,,1000,KITCHEN|OFFICE,3,None,,,,,,,,,,Drink,18,,,,,0,0,2,0,1,0,0,0,workbench,0,0,,,"Жженая пыль. Выдаётся для ночного дежурства, чтобы не уснуть у пульта гермодвери.",600,0,0,0,none
iodine,Йод,Iodine,MEDICINE,25,255,,1000,MEDICAL|BATHROOM,2,None,,,,,,,,,,Heal,10,,,,,0,0,2,0,3,0,0,0,lab,0,0,,,Жжёт кожу и грязь. Малое лечение для порезов после кладовки или боя.,120,0,0,0,none
ip4_gasmask,Противогаз ИП-4,Gas mask IP-4,TOOL,520,1,,80,HQ,1,Tool,90,,,,,,,,,None,,,,,,8,0,1,0,3,4,0,0,workbench,2,6,cleanup|liquidator|samosbor|tool,cleanup|filter|liquidator|respiratory_ppe|samosbor|tool,Изолирующая маска ликвидатора. Держит споры и мокрый дым короче обычного фильтра; потеряешь - склад спишет на тебя.,900,0,0,0,none
istotit_candle,Истотитная свеча,Istotit Candle,MEDICINE,45,255,,0,,1,None,,,,,,,,,,HealPsi,0,6,,,,0,0,1,0,3,0,1,0,lab,0,4,,candle|church_cache|istotit|psi_restore,"Тонкая свеча из общего церковного запаса. Успокаивает ПСИ на минуту, но вопрос ""чья она"" остается. +6 ПСИ.",120,0,0,0,none
jackhammer,Отбойный молоток,Jackhammer,TOOL,1500,1,,1000,PRODUCTION|STORAGE,1,Tool,10,,,,,,,,,None,,,,,,13,0,3,0,0,8,0,0,workbench,2,0,,,"Сносит стены. Сильный износ: хватает на 10 блоков, выбирайте место заранее",22000,0,0,0,none
junior_tech_case,Корпус «Юный техник»,"Building ""Young Technician""",MISC,24,6,6,700,LIVING|STORAGE|OFFICE,2,None,,,,,,,,,,None,,,,,,1,3,1,0,0,0,0,0,workbench,0,5,electronics|production|repair|trade,casing|electronics|production|repair|trade,"Пластиковый корпус набора радиолюбителя. В него помещается прибор, долг и маленькое жужжание.",500,0,0,0,none
karkarov_pistol,Пистолет Каркарова,Karkaroff pistol,WEAPON,320,1,,280,HQ|STORAGE,1,Weapon,,,,,,,,,,None,,,,,ammo_9mm,2,1,1,0,0,4,0,0,lathe,1,7,liquidator|permit|weapon,legal|liquidator|permit|short_sidearm|sidearm|weapon|weapon_permit,"Слабый уставной пистолет. Урон 18. Дешевле ПМ, быстрее достаётся через ликвидаторский шкаф. 9мм.",900,0,0,0,none
kasha,Каша,Kasha,FOOD,5,255,,1000,KITCHEN,6,None,,,,,,,,,,Feed,20,,,,,0,0,1,1,0,0,0,0,any,0,3,bait,bait|bait_starch|bait_wet,Холодная казённая каша. Ложка стоит в ней по уставу.,400,0,0,0,none
key,Ключ,Key,KEY,50,1,,350,COMMON|LIVING,1,None,,,,,,,,,,None,,,,,,1,0,1,0,0,3,0,0,workbench,0,0,,,"Подходит к конкретной двери. Сверяйте дверь, прежде чем бежать к ней на сирене",30,0,0,0,none
key_tutorial_apartment,Тяжелый ржавый ключ,,KEY,0,1,,0,,1,None,,,,,,,,,,None,,,,,,1,0,0,0,0,2,0,0,workbench,0,3,,cannot_drop|persistent|quest,Ключ от входной двери. Единственный способ выйти из блока в коридоры Гигахруща.,30,0,0,0,none
keyboard_unit,Клавиатура,Keyboard,MISC,32,4,4,600,OFFICE|STORAGE|PRODUCTION,1,None,,,,,,,,,,None,,,,,,1,3,1,0,0,0,0,0,net_terminal,0,3,electronics|repair,electronics|repair|terminal,"Блок клавиш от терминала. Половина букв стерта, зато E ещё нажимается.",500,0,0,0,none
knife,Нож,Knife,WEAPON,15,1,,1000,KITCHEN,1,Weapon,,,,,,,,,,None,,,,,,1,0,0,0,0,2,0,0,lathe,0,0,,,Кухонный нож из общей кухни. Урон 7. Самый быстрый аварийный бой. Прочность 32,250,0,0,0,none
kompot,Компот,Kompot,DRINK,5,255,,1000,KITCHEN,6,None,,,,,,,,,,Drink,20,,,,,0,0,1,0,1,0,0,0,any,0,0,,,Мутный столовский компот. Хороший запас воды перед короткой вылазкой.,600,0,0,0,none
krona_battery,Батарейка «Крона»,"Battery ""Krona""",MISC,18,8,8,800,LIVING|OFFICE|STORAGE,2,None,,,,,,,,,,None,,,,,,0,2,1,0,0,0,0,0,workbench,0,5,electronics|trade,battery|electronics|portable_power|tool_power|trade,"Плоская батарейка для приборов, фонарей и тихих сделок с электриком. Сберечь для инструмента или продать как дефицит питания.",500,0,0,0,none
kulich,Кулич,Kulich,FOOD,40,255,,0,,1,None,,,,,,,,,,FeedPsi,35,4,,,,0,0,1,4,0,0,0,0,workbench,0,0,,,"Пасхальный кулич из храмовой кухни. Сытно, сладко, подозрительно светло.",400,0,0,0,none
labor_shift_card,Карта смены,Shift map,MISC,24,8,8,550,PRODUCTION|OFFICE,2,None,,,,,,,,,,None,,,,,,0,0,5,0,0,0,0,0,workbench,0,7,access|document|document_gate|official|permit|production,access|document|document_gate|labor|official|permit|production,"Рабочая карта со строкой цеха. Можно предъявить у поста N3, сберечь для проходной смены или продать рынку.",20,0,0,0,none
lamp_bulb,Лампа,Lamp,MISC,12,1,,1000,STORAGE|PRODUCTION|OFFICE,1,None,,,,,,,,,,None,,,,,,1,2,0,0,0,0,0,0,workbench,0,0,,,"Целая лампа для фонаря, щитка или обмена у электрика.",200,0,0,0,none
lice_shampoo,Шампунь от вшей,Lice shampoo,MISC,26,4,4,450,MEDICAL|BATHROOM,2,None,,,,,,,,,,None,,,,,,1,0,4,0,0,0,0,0,workbench,0,4,medical|trade,hygiene|medical|parasite|trade,"Резкий флакон из медшкафа. Пока паразиты не ведутся отдельно, это ходовой санитарный товар.",200,0,0,0,none
lift_scheme,Схема лифтов,Lift Diagram,MISC,75,1,,1000,OFFICE|CORRIDOR,1,None,,,,,,,,,,None,,,,,,3,0,5,0,0,0,0,0,workbench,1,0,,,Схема лифтовых веток и обходов. Перед поездкой полезнее слуха у кабины.,200,0,0,0,none
lighter,Зажигалка,,TOOL,40,1,,1500,STORAGE|LIVING|SMOKING|BATHROOM,1,Tool,100,,,,,,,,,None,,,,,,3,0,0,0,0,2,0,0,workbench,0,0,,,Слабый огонек. Помогает осмотреться в полной темноте. Расходует бензин.,25,0,0,0,none
lime_bucket,Ведро извести,Bucket of lime,MISC,64,1,1,320,PRODUCTION|STORAGE,1,None,,,,,,,,,,None,,,,,,0,0,2,2,4,0,0,0,lab,1,9,cleanup|evidence|liquidator|reagent|slime|trade,cleanup|evidence|heavy|lime|liquidator|reagent|sanitary|slime|trade,"Тяжёлое ведро сухой извести для тел, слизи и санитарного отчёта. Можно донести на пост, продать цеху или спрятать как улику.",150,0,0,0,none
liquidator_axe,Топор ликвидатора,Liquidator's Ax,WEAPON,420,1,,250,HQ|PRODUCTION,1,Weapon,,,,,,,,,,None,,,,,,7,0,0,0,1,8,0,0,lathe,2,6,cleanup|liquidator|weapon,cleanup|door_work|liquidator|melee_heavy|slime_counterplay|weapon,"Тяжёлый топор аварийной группы. Урон 38. Медленнее пожарного, зато живёт дольше и лучше держит тело в проходе.",2000,0,0,0,none
liquidator_field_roster,Полевая ведомость ликвидаторов,Field list of liquidators,MISC,70,2,2,350,HQ|OFFICE|STORAGE,1,None,,,,,,,,,,None,,,,,,0,0,8,0,0,0,0,0,workbench,1,6,audit|document|evidence|liquidator,audit|document|evidence|liquidator|roster|route,"Список группы зачистки с маршрутной строкой. Можно сдать, спрятать или продать тем, кто ищет пропавший отряд.",20,0,0,0,none
liquidator_flashlamp,Переносной прожектор,Portable spotlight,TOOL,620,1,,280,HQ|PRODUCTION,1,Tool,240,,,,,,,,,None,,,,,,9,0,2,0,0,5,0,0,workbench,2,5,cleanup|counterplay|liquidator,cleanup|counterplay|heavy_tool|light|liquidator,"Тяжёлый ликвидаторский свет для тёмных залов. Светит шире фонарика, но замедляет шаг и быстрее ест батарею.",900,0,0,0,none
liquidator_issue_card,Карточка выдачи ликвидатора,Liquidator Issue Card,MISC,115,3,3,250,HQ|OFFICE,1,None,,,,,,,,,,None,,,,,,0,0,8,0,0,0,0,0,workbench,1,10,access|audit|document|document_gate|liquidator|official|permit|single_use,access|audit|document|document_gate|field_kit|issue|liquidator|official|permit|single_use,Карточка на один служебный комплект. У шкафа Л-47 её гасят вместо кражи.,20,0,0,0,none
liquidator_rake,Грабли ликвидатора 0Г15,Liquidator's rake 0G15,WEAPON,135,1,,350,HQ|STORAGE|PRODUCTION,1,Weapon,,,,,,,,,,None,,,,,,3,0,0,0,1,4,0,0,lathe,1,8,cleanup|liquidator|tool|weapon,cleanup|liquidator|melee_reach|rake|slime_clean|slime_counterplay|tool|weapon,"Длинные уставные грабли для слизи и тележных углов. Урон 11. Держат дистанцию хуже багра, зато проходят как инвентарь зачистки. Прочность 70",2400,0,0,0,none
liquidator_ration,Черный сухпай ликвидатора,Black Liquidator Dry Ration,FOOD,15,255,,1000,STORAGE|HQ,2,None,,,,,,,,,,Feed,40,,,,,0,0,1,2,0,0,0,0,workbench,0,8,bait|liquidator,bait|bait_meat|black_concentrate|closed_issue|concentrate|field_ration|liquidator|nutritious_concentrate,"Питательный черняк закрытой выдачи: малый кусок держит смену, а вкус напоминает, кому его обычно дают.",400,0,0,0,none
liquidator_token,Жетон ликвидатора,Liquidator Token,MISC,80,1,,1000,HQ|STORAGE,1,None,,,,,,,,,,None,,,,,,3,0,5,0,0,0,0,0,workbench,1,0,,,Служебный жетон с номером отряда. На посту его узнают быстрее фамилии.,200,0,0,0,none
losyash_rifle,Винтовка Лосяша,Losyash's rifle,WEAPON,45000,1,,25,STORAGE|HQ,1,Weapon,,,,,,,,,,None,,,,,rifle_bolt_pack,18,9,0,0,4,27,0,0,lathe,3,7,liquidator|weapon,anti_elite|deep_recon_stash|liquidator|precision|rifle|rifle_bolt_pack|weapon,"Глубинная болтовая винтовка разведки. Урон 140. Один полимерный болт против элиты: выстрели, спрячь или сбереги.",4500,0,0,0,none
machinegun,Пулемёт,Machine Gun,WEAPON,9000,1,,0,,1,Weapon,,,,,,,,,,None,,,,,ammo_belt,12,6,0,0,3,14,0,0,lathe,2,0,,,"ПКМ. Урон 13. Самый злой расход, широкий разброс. Ленточное питание",9000,0,0,0,none
magazine_part,Детали магазина,Store details,MISC,64,4,4,550,PRODUCTION|STORAGE|HQ,1,None,,,,,,,,,,None,,,,,,3,0,1,0,0,4,0,0,lathe,1,8,production|trade,armory_bench|magazine|metal|production|repair_input|trade|weapon_component|weapon_part,"Пружина, губки и корпус пустого магазина. Сдай домкому за патроны, укради для оружейки или оставь на сборку ЧИЖ-3.",200,0,0,0,none
mail_intercept_slip,Лист перехвата почты,Mail interception sheet,MISC,46,4,4,300,OFFICE|SMOKING|STORAGE,1,None,,,,,,,,,,None,,,,,,2,0,3,0,0,0,0,0,workbench,0,5,contraband|document|evidence,contraband|document|evidence|mail|stolen,"Почтовый лист с чужим маршрутом. Можно вернуть, украсть дальше или продать адрес.",20,0,0,0,none
makarov,Макаров,Makarov,WEAPON,420,1,,1000,STORAGE,1,Weapon,,,,,,,,,,None,,,,,ammo_9mm,6,2,0,0,1,7,0,0,lathe,2,0,,,"Пистолет ПМ. Урон 22. Точный дешёвый выстрел, не очередь. Патроны 9мм",730,0,0,0,none
manometer,Манометр,Manometer,MISC,35,1,,1000,PRODUCTION|STORAGE,1,None,,,,,,,,,,None,,,,,,2,0,3,0,0,0,0,0,workbench,0,3,tool,heatline|pressure|tool,"Стрелка показывает давление и настроение труб. На Теплотрассе Ноль делает ремонт точным, но сам не тратится.",200,0,0,0,none
market_weight_scale,Рыночные весы,Market scales,MISC,88,1,1,280,KITCHEN|OFFICE|STORAGE,1,None,,,,,,,,,,None,,,,,,2,0,6,0,0,0,0,0,workbench,1,3,resident_good|trade,market|resident_good|trade,"Малые весы с чужими гирями. Торговец ими доказывает вес, покупатель - обман.",200,0,0,0,none
maronary_shaving,Зелёная стружка,Green Shavings,MISC,260,1,,0,,1,None,,,,,,,,,,None,,,,,,0,0,4,4,3,0,0,0,workbench,1,5,contraband|evidence,contraband|cult|evidence|maronary|science,"Тонкая стружка после зелёного инцидента. Дорогой образец, контрабанда и улика: учёные платят, культисты молятся, Министерство оформляет владельца.",150,0,0,0,none
meat_rune,Мясная руна,Meat Rune,MISC,220,1,,1000,COMMON|STORAGE|SMOKING,1,None,,,,,,,,,,None,,,,,,2,0,5,0,0,0,4,0,lab,1,0,,,"Культовая метка для прохода, обмана или отчёта. Носите отдельно от еды.",200,0,0,0,none
metal_chair,Металлический стул,Metal Chair,WEAPON,22,1,,1000,COMMON|OFFICE,1,Weapon,,,,,,,,,,None,,,,,,2,0,0,0,0,3,0,0,lathe,0,0,,,Стул из актового ада. Урон 18. Хрупкий широкий стоп. Прочность 22,4500,0,0,0,none
metal_sheet,Лист металла,Sheet Metal,MISC,22,1,,1000,PRODUCTION|STORAGE,1,None,,,,,,,,,,None,,,,,,2,0,0,0,0,3,0,0,workbench,0,0,,,"Плоский металл для ремонта, баррикады или защиты от одного сильного удара.",200,0,0,0,none
metal_water,Вода с привкусом металла,Metallic-Tasting Water,DRINK,2,255,,1000,BATHROOM|PRODUCTION,15,None,,,,,,,,,,Drink,20,,,,,0,0,1,0,0,0,0,0,any,0,0,,,"Ржавая жидкость из нижних коллекторов. Утоляет жажду, но оставляет жесткий налет на языке.",600,0,0,0,none
metro_ticket,Билет метро,Metro Ticket,MISC,25,1,,1000,CORRIDOR|OFFICE,1,None,,,,,,,,,,None,,,,,,2,0,3,0,0,0,0,0,workbench,0,0,,,"Билет на линию, которой официально не существует.",200,0,0,0,none
ministry_audit_forgery,Липовое аудиторское предписание,Fake Audit Order,MISC,88,3,3,0,,1,None,,,,,,,,,,None,,,,,,0,0,3,1,1,0,0,0,workbench,0,6,access|audit|contraband|document|forgery,access|audit|contraband|document|forgery|ministry,"Поддельный лист министерской ревизии. Может открыть разговор с архивом, но слишком ровная печать вызывает проверку лиц.",20,0,0,0,none
ministry_clean_stamp,Чистая министерская печать,Clean Ministry Stamp,MISC,150,1,,400,OFFICE|HQ,1,None,,,,,,,,,,None,,,,,,0,0,7,0,0,1,0,0,workbench,1,5,audit|document|official,audit|document|ministry|official|stamp,"Сургучная печать без дела. Её можно сдать, украсть или приложить к бланку так, что журнал примет лист до первой сверки.",20,0,0,0,none
missing_record_file,Пропавшее личное дело,Missing Personal File,MISC,95,1,,1000,OFFICE|STORAGE,1,None,,,,,,,,,,None,,,,,,3,0,5,0,0,0,0,0,workbench,1,0,,,Папка с вырванной карточкой жильца. Архив и шантажисты берут такую бумагу дорого.,200,0,0,0,none
moonshine_still_part,Деталь самогонного аппарата,Detail of a moonshine still,MISC,125,2,2,180,PRODUCTION|KITCHEN|SMOKING,1,None,,,,,,,,,,None,,,,,,0,0,3,1,4,0,0,0,workbench,1,6,black_market|contraband|production|trade,black_market|brewing|contraband|factory_input|production|trade,"Медная коленка с запахом сахара и запрета. Сборка аппарата пока ждёт цех, но рынок берёт сразу.",200,0,0,0,none
morphine_ampoule,Ампула морфина,Morphine Ampoule,MEDICINE,140,255,,1000,MEDICAL|HQ,1,None,,,,,,,,,,Heal,60,,,,,0,0,2,1,5,0,0,0,lab,1,2,medicine,controlled|medicine,"Сильное обезболивание строгого учёта. Боль уходит, долг остаётся.",120,0,0,0,none
moskvin_rifle,Винтовка Москвина,Moskvin rifle,WEAPON,7500,1,,60,HQ,1,Weapon,,,,,,,,,,None,,,,,ammo_762,11,5,0,0,3,16,0,0,lathe,2,6,liquidator|weapon,ammo_762|liquidator|precision|rank3_trade|rifle|weapon,Медленная ликвидаторская винтовка. Урон 76. Один дорогой точный выстрел 7.62 вместо очереди.,4200,0,0,0,none
mushroom_mass,Грибная масса,Mushroom Mass,FOOD,6,255,,1000,KITCHEN|STORAGE|PRODUCTION,5,None,,,,,,,,,,Feed,22,,,,,0,0,1,1,0,0,0,0,any,0,3,bait,bait|bait_fungal|bait_wet,Срезанный урожай из мокрой прачечной. Сытно; плотоядной грибнице тоже интересно.,400,0,0,0,none
mutant_tissue_sample,Образец ткани твари,Creature Tissue Sample,MISC,115,4,4,0,,1,None,,,,,,,,,,None,,,,,,0,0,2,4,2,0,0,0,lab,1,7,evidence|nii|sample|trade,ecology|evidence|legal_handoff|monster|nii|sample|trade,"Срез, который уже не похож на мясо и ещё не стал отчётом. Экологи платят, если не съесть и не выкинуть.",150,0,0,0,none
nagant,Револьвер Наган,Nagant Revolver,WEAPON,720,1,,1000,OFFICE|STORAGE,1,Weapon,,,,,,,,,,None,,,,,ammo_nagant,6,2,0,0,1,7,0,0,lathe,2,0,,,Старый револьвер. Урон 48. Очень медленный точный выстрел,800,0,0,0,none
nailgun,Гвоздомёт,Nailgun,WEAPON,360,1,,1000,PRODUCTION,1,Weapon,,,,,,,,,,None,,,,,ammo_nails,5,0,0,0,0,6,0,0,lathe,1,0,,,"Промышленный гвоздомёт. Урон 14. Точный рабочий выстрел, гвозди дефицитны",3500,0,0,0,none
napalm_mix,Напалмовая смесь,Napalm mixture,AMMO,120,3,3,0,,1,None,,,,,,,,,,None,,,,,,0,0,0,0,2,2,0,0,lathe,0,6,ammo|cleanup|liquidator,ammo|cleanup|fire|fuel|liquidator|napalm,"Вязкая заправка для большой зачистки. Пока нет штатного ранца, это топливо, улика и причина не курить рядом.",1500,0,0,0,none
neighbor_complaint,Жалоба соседа,Neighbor's Complaint,MISC,5,1,,1000,LIVING|OFFICE,1,None,,,,,,,,,,None,,,,,,0,0,2,0,0,0,0,0,workbench,0,0,,,"Почерк злой, аргументы точные.",200,0,0,0,none
nii_contraband_manifest,Ведомость утечки НИИ,NII Leak Manifest,MISC,140,1,,0,,1,None,,,,,,,,,,None,,,,,,0,0,5,2,1,0,0,0,workbench,1,5,audit|contraband|document|evidence|nii,audit|contraband|document|evidence|nii,Акт ревизии: опечатанные пробы вышли из НИИ как списанная тара и всплыли у рыночных посредников.,20,0,0,0,none
nii_forged_audit,Подложный акт НИИ,Forged NII Act,MISC,110,1,,0,,1,None,,,,,,,,,,None,,,,,,0,0,5,2,1,0,0,0,workbench,1,5,audit|contraband|document|forgery|nii,audit|contraband|document|forgery|nii,"Акт списания, где заражённая проба стала пустой ампулой, а пустая ампула стала премией.",20,0,0,0,none
nii_market_receipt,Рыночная расписка НИИ,NII Market Receipt,MISC,95,1,,0,,1,None,,,,,,,,,,None,,,,,,0,0,3,1,1,0,0,0,workbench,0,5,black_market|contraband|evidence|nii,black_market|contraband|evidence|nii|receipt,Неровная расписка за прозрачную пробу. Номер шкафа и чужая печать годятся как улика.,150,0,0,0,none
nii_sample_container,Тара НИИ для пробы,NII Sample Container,MISC,65,4,4,0,,1,None,,,,,,,,,,None,,,,,,0,0,2,2,1,0,0,0,workbench,0,10,audit|document|nii|official|trade,audit|container|document|legal_handoff|nii|official|sampleware|science|sealed|trade,"Пломбируемая тара НИИ с актом ответственности, местом под бирку и страхом потерять пломбу. Ею берут пробу законно; без журнала она уже повод для аудита.",20,0,0,0,none
nii_sample_label,Наклейка НИИ для пробы,Research institute sticker for testing,MISC,35,10,10,450,MEDICAL|OFFICE,1,None,,,,,,,,,,None,,,,,,0,0,2,2,1,0,0,0,lab,0,5,document|nii|sample,document|label|legal_handoff|nii|sample,Малая наклейка с большим весом. Без неё даже чистая банка выглядит как рыночная фантазия.,20,0,0,0,none
noise_can,Шумовая банка,Noise Can,MISC,12,6,6,700,KITCHEN|STORAGE|COMMON,3,None,,,,,,,,,,None,,,,,,0,0,3,0,0,0,0,0,workbench,0,3,counterplay,counterplay|decoy|noise,"Банка с болтами на нитке. Используйте, чтобы дать короткий ложный шумовой след и сорвать внимание с маршрута.",200,0,0,0,none
nosin_rifle,Винтовка Носина,Nosin rifle,WEAPON,5000,1,,160,STORAGE|HQ,1,Weapon,,,,,,,,,,None,,,,,ammo_762,7,3,2,0,2,10,0,0,lathe,2,6,trade|weapon,ammo_762|civilian_stash|militia|rifle|trade|weapon,"Ополченский болтовик с длинным затвором. Урон 55. Медленный точный выстрел за один 7.62, без очереди и складского шума.",4000,0,0,0,none
note,Записка,Note,NOTE,1,1,,1000,LIVING|COMMON|STORAGE|OFFICE,1,None,,,,,,,,,,None,,,,,,0,0,1,0,0,0,0,0,any,0,0,,,"Чья-то записка: тайник, жалоба, адрес или предупреждение",10,0,0,0,none
o15_multijet_flamer,6О15-УТТХ,6O15-UTTH,WEAPON,15000,1,,12,HQ|PRODUCTION,1,Weapon,,,,,,,,,,None,,,,,napalm_mix,8,2,0,0,15,10,0,0,lathe,2,8,liquidator|weapon,breach|deep_engineer_stash|engineer|flame|liquidator|napalm|slime_counterplay|weapon,"Инженерная прожигалка с тремя соплами. Урон 6x3. Медленнее РОКСа, но режет узкий проход напалмом.",24000,0,0,0,none
official_permit_slip,Официальный корешок пропуска,Official Permit Slip,MISC,48,1,,1000,OFFICE|HQ,1,None,,,,,,,,,,None,,,,,,0,0,5,0,0,0,0,0,workbench,0,6,access|document|document_gate|official|permit,access|document|document_gate|ministry|official|permit,Документ с живой печатью бюро.,20,0,0,0,none
official_quarantine_clearance,Чистая карантинная справка,Clean Quarantine Certificate,MISC,54,1,,1000,MEDICAL|OFFICE,1,None,,,,,,,,,,None,,,,,,2,0,3,0,0,0,0,0,workbench,0,5,document|medical|official|permit,document|medical|official|permit|quarantine,Справка разрешает дышать в очереди.,20,0,0,0,none
ovb_search_warrant,Ордер ОВБ на обыск,OVB search warrant,MISC,210,1,1,60,HQ|OFFICE,1,None,,,,,,,,,,None,,,,,,0,0,11,0,0,0,0,0,workbench,1,8,access|audit|document|document_gate|evidence|official,access|audit|document|document_gate|evidence|official|ovb|warrant,Жесткий ордер на чужой шкаф и чужие оправдания. Легальная сила с нелегким эхом.,20,0,0,0,none
overexposed_photo,Засвеченный кадр,Overexposed Frame,MISC,140,1,,0,,1,None,,,,,,,,,,None,,,,,,3,0,5,0,0,0,0,0,workbench,1,4,evidence,contaminated_item|evidence|photo|veretar,"Белое фото после Веретара. На кадре лишняя комната и край белого обхода; как карта бесполезно, как улика опасно.",150,0,0,0,none
ozk_patch,Заплата ОЗК,OZK patch,MISC,46,8,8,650,MEDICAL|HQ|STORAGE,1,None,,,,,,,,,,None,,,,,,2,0,0,0,0,3,0,0,lathe,0,4,liquidator|repair,liquidator|ppe|repair|repair_input,Прорезиненная заплата с клеевой кромкой. Ликвидатор тратит её на дырявый ОЗК; вор продаёт как дефицит.,200,0,0,0,none
p14_gasmask_receipt,Квитанция 8П14,Receipt 8P14,MISC,24,1,,650,OFFICE|HQ,1,None,,,,,,,,,,None,,,,,,0,0,5,0,0,0,0,0,workbench,0,7,access|document|liquidator,access|document|gasmask|issue|liquidator|ppe|receipt,"Квитанция на выдачу противогаза 8П14. Держите рядом с фильтровой квитанцией, сдавайте на посту или продайте до проверки.",20,0,0,0,none
p41_heavy_mg,6П41 пулемёт,6P41 machine gun,WEAPON,15000,1,,0,,1,Weapon,,,,,,,,,,None,,,,,ammo_belt,11,5,0,0,3,16,0,0,lathe,2,9,liquidator|weapon,ammo_belt|ammo_burn|heavy_mg|liquidator|mounted|production_belt|stationary|theft|weapon,"Станковый пулемёт инженерной смены. Урон 18. Лента исчезает быстрее, чем ревизия моргает; на маршруте это кража, а не находка.",10800,0,0,0,none
painkiller_pack,Болеутоляющее,Painkiller,MEDICINE,36,255,,900,MEDICAL|STORAGE|SMOKING,1,None,,,,,,,,,,Painkiller,10,-6,,,,0,0,2,0,3,0,0,0,lab,0,2,medicine,medicine|pain,"Пакет таблеток без обещания причины. Снимает боль на ходу: немного лечит, но быстро клонит к стене.",120,0,0,0,none
part_ticket,Партбилет,Party card,MISC,160,1,1,80,OFFICE|HQ,1,None,,,,,,,,,,None,,,,,,0,0,8,0,0,0,0,0,workbench,1,6,access|document|document_gate|official|permit,access|document|document_gate|official|party|permit,"Высокая бумага для низкого коридора. На посту ее читают медленнее, чем пропуск, но тише спорят.",20,0,0,0,none
party_might_launcher,Подствольник «Мощь партии»,"Launcher ""Power of the Party""",WEAPON,8000,1,,18,HQ,1,Weapon,,,,,,,,,,None,,,,,grenade,8,3,0,0,13,11,0,0,lathe,2,5,liquidator|weapon,breach|grenade|liquidator|rare|weapon,Съёмный ликвидаторский гранатомёт без системы креплений. Урон 110 по площади. Носится как отдельная беда.,8000,0,0,0,none
party_portrait_pin,Значок с портрета партии,Party portrait badge,MISC,22,6,6,550,OFFICE|COMMON|LIVING,2,None,,,,,,,,,,None,,,,,,1,0,4,0,0,0,0,0,workbench,0,4,resident_good|trade,bribe|bureaucracy|resident_good|trade,"Малый значок с большой уверенностью. Бюро любит такие мелочи, пока не спрашивают год выпуска.",200,0,0,0,none
passport_stub,Паспортный корешок,Passport Stub,MISC,45,1,,1000,OFFICE,1,None,,,,,,,,,,None,,,,,,0,0,5,0,0,0,0,0,workbench,0,5,access|document|evidence,access|document|evidence|identity|passport,"Полпаспорт, полобещание пропустить. Удостоверяет не личность, а право спорить с тем, кто ее ищет.",20,0,0,0,none
pbrog1_foam_launcher,ПБРОГ-1,PBROG-1,WEAPON,820,1,1,0,,1,Weapon,,,,,,,,,,None,,,,,pbrog1_foam_launcher,3,0,0,0,7,6,0,0,lathe,2,8,liquidator|single_use|weapon,control|engineer|foam|launcher|liquidator|rare_engineer_crate|single_use|weapon,"Одноразовый пенопуск инженерной смены. Урон 24 по площади. Украсть из серого ящика, выстрелить в толпу или сберечь до самосбора.",5500,0,0,0,none
pearl_barley,Перловка в банке,Canned Pearl Barley,FOOD,7,255,,1000,KITCHEN|STORAGE,5,None,,,,,,,,,,Feed,24,,,,,0,0,1,1,0,0,0,0,any,0,2,bait,bait|bait_starch,Жесткая крупа из резерва. Банка пережила уже два самосбора и трёх хозяев.,400,0,0,0,none
permanent_pass,Пропуск постоянный,Permanent Pass,MISC,90,1,,1000,OFFICE|HQ,1,None,,,,,,,,,,None,,,,,,0,0,8,0,0,0,0,0,workbench,1,3,document,document|ministry|pass,"Постоянный пропуск с печатью. Полезнее временного, пока его не сверили с журналом.",20,0,0,0,none
permanganate_vial,Марганцовка,Potassium permangantsovka,MEDICINE,28,255,,650,MEDICAL|BATHROOM|STORAGE,2,None,,,,,,,,,,Heal,10,,,,,0,0,2,0,3,0,0,0,lab,0,4,medicine|reagent,injection_counterplay|medicine|poison_counterplay|reagent,"Фиолетовый флакон для воды, кожи, уколов и старых санитарных споров. Сейчас работает как малое лечение и хороший реагент.",300,0,0,0,none
personal_file_copy,Копия личного дела,Personnel File Copy,MISC,110,1,,1000,OFFICE,1,None,,,,,,,,,,None,,,,,,3,0,5,0,0,0,0,0,workbench,1,0,,,"Выписка с фамилией, комнатой и отметками. Показывает, кому верят в архиве.",200,0,0,0,none
pills,Таблетки,Pills,MEDICINE,40,255,,1000,MEDICAL,1,None,,,,,,,,,,HealPsi,25,3,,,,0,0,2,0,3,0,0,0,lab,0,3,medicine,common|medicine|psi_restore,"Обезболивающее из медшкафа. Лечит 25 HP, добавляет +3 ПСИ и немного тишины.",120,0,0,0,none
pistol_grenade_launcher,Пистолет-гранатомёт,Pistol-grenade launcher,WEAPON,5200,1,,35,STORAGE|SMOKING|HQ,1,Weapon,,,,,,,,,,None,,,,,grenade,6,3,0,0,14,12,0,0,lathe,2,7,contraband|weapon,contraband|grenade|militia|rare_stash|self_risk|single_shot|weapon,"Ополченская редкость под обычную гранату. Урон 70 по площади. Дальше броска, опаснее репутации.",1800,0,0,0,none
plasma,Плазмаган,Plasmagun,WEAPON,45000,1,,0,,1,Weapon,,,,,,,,,,None,,,,,ammo_energy,12,27,0,0,4,15,0,0,net_terminal,3,0,,,Плазменное оружие. Урон 26. Быстрая неточная трата энергоячеек,11000,0,0,0,none
plastic_sheet,Пластик,Plastic,MISC,7,12,12,900,STORAGE|PRODUCTION|LIVING,5,None,,,,,,,,,,None,,,,,,0,1,0,0,0,1,0,0,lathe,0,7,electronics|production|trade,electronics|material|plastic|production|repair_input|tools|trade,"Лист пластика из торгового автомата или разбитой панели. Украдите из шкафа, продайте электрику или оставьте на корпус и прокладку.",500,0,0,0,none
pneumomail_capsule,Опечатанная пневмокапсула,Sealed Pneumomail Capsule,MISC,65,1,1,0,,1,None,,,,,,,,,,None,,,,,,3,0,5,0,0,0,0,0,workbench,1,4,document|evidence,document|evidence|pneumomail|sealed,"Латунный тубус старой пневмопочты. Можно сдать, продать или отправить как улику.",20,0,0,0,none
portable_siren_key,Ключ переносной сирены,Portable siren key,MISC,85,1,1,350,HQ|OFFICE,1,None,,,,,,,,,,None,,,,,,2,5,1,0,0,0,0,0,workbench,1,6,electronics|liquidator|repair,electronics|liquidator|repair|service|siren|warning,"Служебный ключ к переносной сирене. Сейф его хранит как ремонт, взятку или улику перед следующей тревогой.",500,0,0,0,none
post_samosbor_probe_kit,Набор замера после самосбора,Set of measurements after samosbor,MISC,280,1,1,120,HQ|MEDICAL,1,None,,,,,,,,,,None,,,,,,3,0,5,0,3,0,0,0,workbench,1,8,cleanup|evidence|liquidator|nii|samosbor,aftermath|cleanup|evidence|handoff|liquidator|nii|samosbor|science,"Полевой футляр с щупами, метками и актом отбора. Сдать НИИ, передать ликвидатору или продать: цена держится на целой пломбе.",150,0,0,0,none
ppsh,ППШ,PPSh,WEAPON,1200,1,,1000,STORAGE,1,Weapon,,,,,,,,,,None,,,,,ammo_9mm,6,2,0,0,1,7,0,0,lathe,2,0,,,Пистолет-пулемёт. Урон 8. Давит темпом и быстро съедает 9мм,3630,0,0,0,none
pressed_sugar,Красняк прессованный,Pressed Krasnyak,FOOD,5,255,,1000,KITCHEN|COMMON,6,None,,,,,,,,,,Feed,8,,,,,0,0,1,1,0,0,0,0,any,0,2,bait,bait|bait_sugar,"Красный сладкий концентрат-премия. На вкус почти праздник, оттого слухи про состав только хуже.",400,0,0,0,none
pressure_logbook,Журнал давления,Pressure Log,MISC,34,1,,1000,PRODUCTION|OFFICE|STORAGE,1,None,,,,,,,,,,None,,,,,,0,0,5,0,0,0,0,0,workbench,0,0,,,"Мокрый журнал с цифрами по трубам. Нужен для ремонта, отчёта или доноса.",200,0,0,0,none
protective_apron,Кислотный фартук,Acid apron,MISC,95,1,1,280,MEDICAL|STORAGE,1,None,,,,,,,,,,None,,,,,,0,0,3,0,5,0,0,0,workbench,1,6,cleanup|evidence|liquidator|nii|trade,acid|cleanup|evidence|liquidator|nii|trade,Толстый фартук из лабораторной резины. НИИ берёт его как вещдок после слизи; ликвидатор берёт как товар до первой дырки.,150,0,0,0,none
protein_mold_cake,Плесневой белковый брикет,Mold protein briquette,FOOD,12,255,,550,KITCHEN|STORAGE|BATHROOM,3,None,,,,,,,,,,Feed,28,,,,,0,0,1,2,0,0,0,0,workbench,0,4,bait,bait|bait_fungal|concentrate|mold_food,"Плотный грибной хлеб из сырой линии. Это пайка, субстрат и приманка, пока кто-то не попросил справку.",400,0,0,0,none
psi_beam,Сгусток: ПСИ-луч,Clot: PSI Beam,WEAPON,45000,1,,180,MEDICAL,1,Tool,,,,,,,,,,None,,,,,,0,0,0,10,10,0,38,0,lab,3,5,psi|psi_clot|tool|weapon,beam|psi|psi_clot|tool|weapon,"Сфокусированный ПСИ-луч: 14 ПСИ за импульс, 28 урона по линии. Держать как режущий инструмент.",0,0,0,0,none
psi_brainburn,Сгусток: Выжиг мозга,Clot: Brain Burn,WEAPON,52000,1,,250,MEDICAL,1,Tool,,,,,,,,,,None,,,,,,0,0,0,14,14,0,54,0,lab,3,5,psi|psi_clot|tool|weapon,mind|psi|psi_clot|tool|weapon,Запрещённый импульс НИИ: 22 ПСИ. Убивает цель не выше вашего уровня.,0,0,0,0,none
psi_concrete_splinter,Сгусток: Бетонный осколок,Clot: Concrete Splinter,WEAPON,14000,1,,750,MEDICAL|PRODUCTION,1,Tool,,,,,,,,,,None,,,,,,0,0,0,6,6,0,23,0,lab,2,4,psi|psi_clot|tool|weapon,psi|psi_clot|tool|weapon,"ПСИ-осколок: 6 ПСИ, 23 урона. Дешёвый направленный удар для узкого прохода.",0,0,0,0,none
psi_control,Сгусток: Контроль,Clot: Control,WEAPON,64000,1,,250,MEDICAL,1,Tool,,,,,,,,,,None,,,,,,0,0,0,14,14,0,54,0,lab,3,5,psi|psi_clot|tool|weapon,mind|psi|psi_clot|tool|weapon,"Принудительный ПСИ-захват: 20 ПСИ, цель 15с +1с/ИНТ считает вас союзником. Используйте это время на отход.",0,0,0,0,none
psi_dust,ПСИ-пыль,PSI Dust,MISC,120,1,,1000,MEDICAL|OFFICE,1,None,,,,,,,,,,None,,,,,,2,0,3,0,0,0,3,0,lab,1,0,,,"Мерцающая пыль из-под старой печати. В НИИ её собирают шпателем, не дыханием.",0,0,0,0,none
psi_madness,Сгусток: Безумие,Clot: Madness,WEAPON,18000,1,,650,OFFICE|COMMON,1,Tool,,,,,,,,,,None,,,,,,0,0,0,10,10,0,38,0,lab,3,5,psi|psi_clot|tool|weapon,mind|psi|psi_clot|tool|weapon,"Сбойный поведенческий импульс: 10 ПСИ, цель 15с +1с/ИНТ атакует ближайших. Потом объяснения не принимают.",0,0,0,0,none
psi_mark,Сгусток: Метка,Clot: Mark,WEAPON,10000,1,,800,MEDICAL|OFFICE,1,Tool,,,,,,,,,,None,,,,,,0,0,0,6,6,0,23,0,lab,2,4,psi|psi_clot|tool,mark|psi|psi_clot|tool,"Метка возврата: 4 ПСИ. Ставит точку, куда потом тянет сгусток Возврат.",0,0,0,0,none
psi_meat_hook,Сгусток: Мясной крюк,Clot: Meat Hook,WEAPON,26000,1,,450,MEDICAL|STORAGE,1,Tool,,,,,,,,,,None,,,,,,0,0,0,10,10,0,38,0,lab,3,5,psi|psi_clot|tool|weapon,meat|psi|psi_clot|tool|weapon,"Тяжёлый органический снаряд: 13 ПСИ, 50 урона. Тару после переноски мыть йодом.",0,0,0,0,none
psi_order_seal,Сгусток: Печать порядка,Clot: Order Seal,WEAPON,24000,1,,400,OFFICE|HQ,1,Tool,,,,,,,,,,None,,,,,,0,0,0,10,10,0,38,0,lab,3,5,psi|psi_clot|tool|weapon,aoe|psi|psi_clot|tool|weapon,"Плотный импульс печати: 12 ПСИ, 27 урона по малой площади. Не ставить рядом с бланками.",0,0,0,0,none
psi_phase,Сгусток: Фазовый сдвиг,Clot: Phase Shift,WEAPON,70000,1,,200,STORAGE,1,Tool,,,,,,,,,,None,,,,,,0,0,0,12,12,0,48,18,net_terminal,4,4,psi|psi_clot|tool,phase|psi|psi_clot|tool,"Проход через стену: 17 ПСИ, 15с +1с/ИНТ. Не останавливайтесь внутри препятствия.",0,0,0,0,none
psi_possession,Сгусток: Вселение,Clot: Possession,WEAPON,76000,1,,120,MEDICAL,1,Tool,,,,,,,,,,None,,,,,,0,0,0,12,12,0,48,18,net_terminal,4,5,psi|psi_clot|tool,mind|possession|psi|psi_clot|tool,"Запрещённый перенос НИИ: 26 ПСИ, 15с +1с/ИНТ ведёт чужое тело, если ваш интеллект выше цели. Ваше тело остаётся на месте.",0,0,0,0,none
psi_recall,Сгусток: Возврат,Clot: Recall,WEAPON,18000,1,,650,MEDICAL|OFFICE,1,Tool,,,,,,,,,,None,,,,,,0,0,0,10,10,0,38,0,lab,3,4,psi|psi_clot|tool,psi|psi_clot|recall|tool,"Возврат к ПСИ-метке: 8 ПСИ. Работает лучше, если метка стоит у укрытия или лифта.",0,0,0,0,none
psi_rupture,Сгусток: Разрыв,Clot: Rupture,WEAPON,16000,1,,700,MEDICAL|STORAGE,1,Tool,,,,,,,,,,None,,,,,,0,0,0,10,10,0,38,0,lab,3,5,psi|psi_clot|tool|weapon,aoe|psi|psi_clot|tool|weapon,"Нестабильный разрывной сгусток: 8 ПСИ, 18 урона по площади. Работает как аварийный заряд.",0,0,0,0,none
psi_shadow_lance,Сгусток: Теневая пика,Clot: Shadow Lance,WEAPON,24000,1,,450,MEDICAL|OFFICE,1,Tool,,,,,,,,,,None,,,,,,0,0,0,10,10,0,38,0,lab,3,4,psi|psi_clot|tool|weapon,psi|psi_clot|tool|weapon,"Быстрый теневой прокол: 12 ПСИ, 44 урона. В журнале проходит как направленный риск.",0,0,0,0,none
psi_shield,Сгусток: ПСИ-щит,Clot: PSI shield,WEAPON,30000,1,,300,MEDICAL|HQ,1,Tool,,,,,,,,,,None,,,,,,0,0,0,10,10,0,38,0,lab,3,4,psi|psi_clot|tool,defense|psi|psi_clot|tool,"Защитный ПСИ-контур: 12 ПСИ, 15с +1с/ИНТ не дает HP просесть. 10% входящего урона уходит из запаса ПСИ.",0,0,0,0,none
psi_siren_pulse,Сгусток: Сиренный импульс,Clot: Siren Pulse,WEAPON,32000,1,,350,HQ|OFFICE,1,Tool,,,,,,,,,,None,,,,,,0,0,0,10,10,0,38,0,lab,3,5,psi|psi_clot|tool|weapon,aoe|psi|psi_clot|tool|weapon,"ПСИ-импульс с малым разрывом: 13 ПСИ, 22 урона. Не стойте рядом с целью.",0,0,0,0,none
psi_stabilizer,ПСИ-стабилизатор,PSI Stabilizer,MEDICINE,300,255,,350,MEDICAL|OFFICE,1,None,,,,,,,,,,HealPsi,0,20,,,,0,0,4,0,7,0,0,0,lab,1,3,medicine,medicine|psi_restore|stabilizer,"Гасит дрожь после сгустков. +20 ПСИ: один сильный импульс, не новая жизнь.",0,0,0,0,none
psi_storm,Сгусток: Пси буря,Clot: PSI Storm,WEAPON,36000,1,,350,MEDICAL,1,Tool,,,,,,,,,,None,,,,,,0,0,0,10,10,0,38,0,lab,3,5,psi|psi_clot|tool|weapon,aoe|psi|psi_clot|tool|weapon,"Пакетированный многоточечный импульс: 19 ПСИ, бьёт врагов в поле зрения. Дорогой ответ на толпу.",0,0,0,0,none
psi_strike,Сгусток: Пси удар,Clot: PSI Strike,WEAPON,10000,1,,1000,MEDICAL|OFFICE|COMMON,1,Tool,,,,,,,,,,None,,,,,,0,0,0,6,6,0,23,0,lab,2,4,psi|psi_clot|tool|weapon,psi|psi_clot|tool|weapon,"Полевой ПСИ-инструмент НИИ: 3 ПСИ, 12 урона. Короткий импульс, отдача в висках.",0,0,0,0,none
psi_void_needle,Сгусток: Пустотная игла,Clot: Void Needle,WEAPON,70000,1,,150,MEDICAL,1,Tool,,,,,,,,,,None,,,,,,0,0,0,12,12,0,48,18,net_terminal,4,4,psi|psi_clot|tool|weapon,psi|psi_clot|tool|weapon,"Точный лабораторный импульс: 23 ПСИ, 96 урона. Берегите для сильной одиночной цели.",0,0,0,0,none
psychiatrist_referral,Направление к психиатру,Psychiatrist Referral,MISC,18,1,,1000,MEDICAL|OFFICE,1,None,,,,,,,,,,None,,,,,,0,0,3,0,0,0,0,0,workbench,0,0,,,"Направление из медпункта. Годится для врача, архива или неловкого разговора.",200,0,0,0,none
ptrs_liquidator,ПТРС ликвидатора,PTRS liquidator,WEAPON,70000,1,,0,,1,Weapon,,,,,,,,,,None,,,,,ammo_harpoon,25,13,0,0,6,38,0,0,lathe,3,8,liquidator|weapon,ammo_harpoon|anti_armor|boss_rifle|darkness_route|liquidator|precision|rifle|weapon,"Противотварный тяжёлый ствол из дальнего маршрута. Урон 170. Один гарпунный стержень, длинный откат и решение: снять броню сейчас или нести вес дальше.",20300,0,0,0,none
pump_impeller,Крыльчатка насоса,Pump impeller,MISC,76,2,2,350,PRODUCTION|STORAGE,1,None,,,,,,,,,,None,,,,,,3,0,0,0,0,5,0,0,lathe,1,7,production|repair,maintenance|metal|production|pump|repair|repair_input|water,Тяжёлая крыльчатка из мокрой насосной. С паспортом насоса идёт в ремонт водяного узла; без него выглядит как кража.,200,0,0,0,none
pump_passport,Паспорт насоса,Pump Passport,MISC,40,1,,1000,PRODUCTION|OFFICE,1,None,,,,,,,,,,None,,,,,,0,0,5,0,0,0,0,0,workbench,0,0,,,"Технический паспорт насоса. Нужен для ремонта, отчёта или спора с постом.",200,0,0,0,none
pushkin_shotgun,Ружьё «Пушкин»,"Gun ""Pushkin""",WEAPON,3200,1,,18,HQ|SMOKING,1,Weapon,,,,,,,,,,None,,,,,ammo_shells,8,2,0,0,2,12,0,0,lathe,2,9,black_market|liquidator|weapon,ammo_shells|black_market|corridor_stop|liquidator|rare|shell_platform|shotgun|tactical|weapon,"Редкая тактическая платформа под дробь. Урон 14x6. Точнее РБ-91, медленнее автоматики: купи у ряда 88 или вскрой ящик.",3400,0,0,0,none
quarantine_breach_notice,Извещение о нарушении карантина,Notice of quarantine violation,MISC,66,3,3,280,MEDICAL|OFFICE|HQ,1,None,,,,,,,,,,None,,,,,,3,0,5,0,0,0,0,0,workbench,1,5,audit|document|evidence,audit|breach|document|evidence|quarantine,"Красная бумага: кто прошел, где дышал, почему теперь спорят у санитарного окна.",20,0,0,0,none
quarantine_medcard,Карантинная медкарта,Quarantine Medcard,MISC,45,1,,0,,1,None,,,,,,,,,,None,,,,,,0,0,5,0,0,0,0,0,workbench,0,3,document|medical,document|medical|quarantine,Карта пациента с красной полосой допуска.,20,0,0,0,none
radio,Рация,Radio,TOOL,180,1,,1000,HQ|OFFICE|STORAGE,1,Tool,120,,,,,,,,,None,,,,,,4,3,1,0,0,3,0,0,workbench,1,0,,,"Рабочая рация для докладов и слухов. Полезна там, где ликвидаторы принимают сигнал.",800,0,0,0,none
radio_headset_liquidator,Гарнитура ликвидатора,Liquidator's headset,TOOL,260,1,,180,HQ|OFFICE|STORAGE,1,Tool,90,,,,,,,,,None,,,,,,4,4,1,0,0,2,0,0,workbench,1,6,electronics|liquidator|trade,electronics|headset|hearing_boost|liquidator|radio|trade,"Уставная гарнитура с костяным треском эфира. В инструменте расширяет слышимость докладов и чужих криков; продать проще, чем объяснить номер смены.",400,0,0,0,none
radio_jammer,Карманная глушилка,Pocket Jammer,MISC,95,3,3,350,HQ|OFFICE|STORAGE,1,None,,,,,,,,,,None,,,,,,3,0,5,0,0,0,0,0,workbench,1,3,counterplay,counterplay|jammer|noise,"Одноразовый писклявый глушитель. На несколько секунд режет дальность вашего шума: выстрелы всё равно слышны, но хуже.",200,0,0,0,none
rail_depot_pass,Пропуск в депо,Pass to the depot,MISC,95,2,2,140,OFFICE|PRODUCTION|CORRIDOR,1,None,,,,,,,,,,None,,,,,,2,0,3,0,0,3,0,0,workbench,1,8,access|document|document_gate|official|permit,access|document|document_gate|elevator|official|permit|rail|transport,"Транспортный пропуск на линию, которой нет в свежих схемах. Старые двери помнят лучше людей.",20,0,0,0,none
rail_signal_lamp,Сигнальная лампа депо,Depot warning light,MISC,95,2,2,250,PRODUCTION|OFFICE|STORAGE,1,None,,,,,,,,,,None,,,,,,2,3,1,0,0,2,0,0,net_terminal,1,8,electronics|repair|trade,depot|electronics|lamp|rail|repair|signal|terminal|trade,"Толстая лампа для путевого сигнала. Сдайте сцепщику, продайте электрику или оставьте на ремонт будки.",500,0,0,0,none
rail_spike_pack,Пакет костылей,Pack of crutches,MISC,34,8,8,550,PRODUCTION|STORAGE,1,None,,,,,,,,,,None,,,,,,2,0,0,0,0,3,0,0,lathe,0,4,repair,metal|rail|repair|transport,"Рельсовые костыли в промасленной бумаге. Материал скучный, пока путь не уходит под мясо.",200,0,0,0,none
rail_switch_handle,Рукоять стрелочного перевода,Switch handle,MISC,120,1,1,200,PRODUCTION|STORAGE,1,None,,,,,,,,,,None,,,,,,3,0,0,0,0,5,0,0,lathe,1,4,repair,metal|rail|repair|transport,Рычаг депо с жёлтой краской. Без будки управления это просто тяжёлая причина спорить о маршруте.,200,0,0,0,none
rail_switch_order,Ордер стрелочного перевода,Switch order,MISC,110,2,2,120,OFFICE|PRODUCTION,1,None,,,,,,,,,,None,,,,,,2,0,3,0,0,3,0,0,workbench,1,8,access|document|document_gate|official,access|document|document_gate|official|order|rail|route_permit|transport,"Приказ на перевод стрелки. Его можно предъявить у поста, продать рынку или сберечь до будки управления.",20,0,0,0,none
raionsovet_floor_pass,Пропуск райсовета,District Council Pass,MISC,95,1,,800,OFFICE|HQ,1,None,,,,,,,,,,None,,,,,,0,0,8,0,0,0,0,0,workbench,1,7,access|document|document_gate|official|permit,access|archive|document|document_gate|official|permit|raionsovet,"Служебный пропуск к архивным полкам райсовета. Работает тише, если не спрашивать, кто его подписал.",20,0,0,0,none
rake_bayonet,Штык-грабли,Bayonet rake,WEAPON,240,1,,180,HQ|STORAGE,1,Weapon,,,,,,,,,,None,,,,,,4,0,0,0,0,7,0,0,lathe,1,8,liquidator|weapon,bayonet|issue_gear|liquidator|melee_reach|metal|rake|rare_stash|weapon,"Узкий штык с зубьями на конце. Урон 14. Быстрый дальний укол из редкого шкафа зачистки: украсть, сдать как металл или оставить для дистанции.",900,0,0,0,none
ration_registry_extract,Выписка из пайкового реестра,Ration Registry Extract,MISC,26,1,,1000,OFFICE|KITCHEN|COMMON,1,None,,,,,,,,,,None,,,,,,2,0,3,0,0,0,0,0,workbench,0,4,audit|document,audit|document|ration|registry,Документ доказывает право на лишнюю ложку. С поддельной карточкой становится доносом.,20,0,0,0,none
ration_stamp_pad,Пайковая штемпельная подушка,Ration Stamp Pad,MISC,24,1,,1000,OFFICE|KITCHEN|COMMON,1,None,,,,,,,,,,None,,,,,,0,0,4,0,0,1,0,0,workbench,0,4,document|forgery,document|forgery|ration|stamp,"Краска пахнет очередью. Используйте с бланком, выпиской или талоном, чтобы сделать опасную подделку.",20,0,0,0,none
rawmeat,Сырое мясо,Raw Meat,FOOD,1,255,,1000,STORAGE|PRODUCTION,30,None,,,,,,,,,,Feed,10,,,,,0,0,0,1,0,0,0,0,any,0,4,bait,bait|bait_meat|bait_risky|bait_trap,"Подозрительный кусок без протокола происхождения. Насыщает слабо, но годится как мясная приманка.",400,0,0,0,none
rb91_auto_shotgun,РБ-91,RB-91,WEAPON,2400,1,,40,HQ|SMOKING,1,Weapon,,,,,,,,,,None,,,,,ammo_shells,8,2,0,0,2,12,0,0,lathe,2,10,black_market|contraband|liquidator|weapon,ammo_burn|ammo_shells|black_market|contraband|corridor_stop|liquidator|rare_hq|shotgun|veteran|weapon,"Ветеранский полуавтоматический дробовик. Урон 11x9. Толпа падает, коробка дроби тоже.",3600,0,0,0,none
rebar,Арматура,Rebar,WEAPON,80,1,,1000,PRODUCTION|STORAGE,1,Weapon,,,,,,,,,,None,,,,,,4,0,0,0,0,4,0,0,lathe,1,0,,,Кусок арматуры из старой стены. Урон 24. Дальний тяжёлый тычок. Прочность 95,2000,0,0,0,none
record_exposure_notice,Акт о пропавшей записи,Act on Missing Record,MISC,80,1,,1000,OFFICE,1,None,,,,,,,,,,None,,,,,,3,0,5,0,0,0,0,0,workbench,1,0,,,"Доказывает, что архив потерял доказательство.",200,0,0,0,none
red_concentrate,Красный концентрат,Red concentrate,FOOD,22,255,,450,KITCHEN|OFFICE|HQ,2,None,,,,,,,,,,Feed,26,,,,,0,0,1,3,0,0,0,0,workbench,0,5,bait,bait|bait_sugar|bribe|concentrate|premium_ration,Премиальный красный брикет из закрытой очереди. Съесть перед лифтом разумно; оставить для взятки иногда разумнее.,400,0,0,0,none
red_mold_sample,Проба красной плесени,Red Mold Sample,MISC,180,3,3,0,,1,None,,,,,,,,,,None,,,,,,0,0,2,6,3,0,0,0,lab,1,5,contraband|evidence|sample,blood_plant|contraband|evidence|red_mold|sample,"Теплая красная плесень из корневого притона. НИИ и рынок платят, но свидетели называют это заражением.",150,0,0,0,none
relay_diagram,Схема реле,Relay Diagram,MISC,30,1,,1000,PRODUCTION|OFFICE|STORAGE,1,None,,,,,,,,,,None,,,,,,1,3,1,0,0,0,0,0,workbench,0,0,,,Схема контактов для щитка или лифтового обхода. Электрик берёт такую без долгих вопросов.,200,0,0,0,none
resident_identity_stub,Корешок удостоверения личности,ID card stub,MISC,32,6,6,800,LIVING|OFFICE|COMMON,1,None,,,,,,,,,,None,,,,,,2,0,3,0,0,0,0,0,workbench,0,7,access|document|evidence|official|trade,access|document|evidence|identity|official|resident|trade,"Отрывной корешок с комнатой и фамилией. Его можно вернуть соседям, продать рынку или отдать вместо объяснений.",20,0,0,0,none
resident_trinket_box,Коробка жильцовых мелочей,Box of resident's small items,MISC,34,3,3,450,LIVING|STORAGE|COMMON,1,None,,,,,,,,,,None,,,,,,1,0,4,0,0,0,0,0,workbench,0,3,resident_good|trade,resident_good|trade|valuable,"Пуговицы, значки, чужой ключ без двери. Небольшая ценность, если не думать, чья.",200,0,0,0,none
rifle_bolt_pack,Полимерные болты,Polymer bolts,AMMO,85,24,24,0,,1,None,,,,,,,,,,None,,,,,,0,0,1,0,1,2,0,0,lathe,0,6,ammo|liquidator,ammo|anti_elite|deep_recon_stash|liquidator|polymer_bolt|rifle,Пачка стержней для винтовки Лосяша. Один выстрел решает броню или пропадает в бетоне; берегут для глубины.,300,0,0,0,none
rock_salt,Каменная соль,Rock Salt,MISC,4,1,,1000,KITCHEN|STORAGE|BATHROOM,1,None,,,,,,,,,,None,,,,,,0,0,0,0,2,0,0,0,lab,0,3,reagent,fungus_counterplay|reagent|salt,"Серый пакет соли для грибницы, мяса и чужой осторожности. На плотоядной плесени шипит лучше уговоров.",300,0,0,0,none
roks47_flamethrower,РОКС-47,ROKS-47,WEAPON,9000,1,,45,HQ|PRODUCTION,1,Weapon,,,,,,,,,,None,,,,,napalm_mix,8,2,0,0,15,10,0,0,lathe,2,7,cleanup|liquidator|weapon,cleanup|flame|issue_stash|liquidator|napalm|slime_counterplay|weapon,Ранцевый огнемёт ликвидатора. Урон 7x2 за плевок. Жжёт шире обычного огнемёта и просит напалм.,23000,0,0,0,none
roller_brush,Валик,Roller,MISC,12,4,4,700,STORAGE|PRODUCTION|LIVING,3,None,,,,,,,,,,None,,,,,,1,0,0,0,1,1,0,0,lathe,0,7,repair|resident_good|trade,paint|repair|repair_input|resident_good|source_automagazine|source_storage|trade,"Малярный валик из автомагазина. Стены он красит хуже, чем закрывает следы.",400,0,0,0,none
rpl23_lmg,РПЛ-23 Лёшкинского,RPL-23 Lyoshkinsky,WEAPON,8500,1,,25,HQ,1,Weapon,,,,,,,,,,None,,,,,ammo_belt,11,5,0,0,3,16,0,0,lathe,2,7,liquidator|weapon,ammo_belt|ammo_burn|deep_route|engineer_stash|liquidator|lmg|weapon,"Отрядный ручной пулемёт. Урон 14. Лента тает быстро, зато проход спорит меньше.",7500,0,0,0,none
rubber_club,Резиновая дубинка,Rubber baton,WEAPON,90,1,,550,HQ|OFFICE|STORAGE,1,Weapon,,,,,,,,,,None,,,,,,4,0,0,0,0,4,0,0,lathe,1,6,liquidator|tool|weapon,control|liquidator|melee_control|nonlethalish|tool|weapon,"Служебная дубинка для очереди и коридора. Урон 8. Бьёт слабо, отталкивает честно. Прочность 90",700,0,0,0,none
rubber_door_wedge,Резиновый клин гермодвери,Rubber wedge for hermodoor,MISC,32,4,4,650,PRODUCTION|STORAGE,1,None,,,,,,,,,,None,,,,,,3,0,2,0,0,0,0,0,workbench,0,4,counterplay|repair,counterplay|hermodoor|repair|seal,"Плотный клин для быстрой фиксации гермы. Потратьте у повреждённой двери, если герметик уже поздно искать.",200,0,0,0,none
rubber_strip,Резина,Rubber,MISC,10,1,,1000,PRODUCTION|STORAGE,1,None,,,,,,,,,,None,,,,,,0,0,3,0,0,0,0,0,workbench,0,0,,,Черная полоска от старого уплотнителя.,200,0,0,0,none
rubber_tube,Резиновая трубка,Rubber tube,MISC,18,6,6,650,MEDICAL|PRODUCTION|STORAGE,2,None,,,,,,,,,,None,,,,,,1,0,0,0,1,1,0,0,lathe,0,10,medical|production|repair|trade,brewing|factory_input|medical|production|repair|repair_input|rubber|still|tools|trade,"Трубка для насоса, медпункта или самогонного аппарата. Назначение зависит от свидетелей.",200,0,0,0,none
ruble,Рубль,Ruble,MISC,1,65535,,0,,1,None,,,,,,,,,,None,,,,,,0,0,0,0,0,1,0,0,any,0,2,money|trade,cash|coin|currency|money|trade,"Металлический рубль. Единственное, что тут принимают все и всегда: цена любой вещи меряется им, а платят — только тем, что реально лежит в кармане.",1,0,0,0,none
rusty_rake,Ржавые грабли,Rusty rake,WEAPON,18,1,,450,STORAGE|LIVING,1,Weapon,,,,,,,,,,None,,,,,,1,0,0,0,0,2,0,0,lathe,0,7,cleanup|liquidator|weapon,cheap|cleanup|liquidator|metal|rake|starter|weapon,"Дачный хлам из кладовки или пустой ячейки. Урон 10. Достаёт дальше трубы, ломается быстро и годится как первый отгон слизняка.",2200,0,0,0,none
samosbor_alarm_schedule,График тревог,Alarm schedule,MISC,52,2,2,300,OFFICE|HQ|COMMON,1,None,,,,,,,,,,None,,,,,,2,0,3,0,0,0,0,0,workbench,0,5,document|evidence|samosbor,alarm|document|evidence|samosbor|schedule,"График учебных и настоящих тревог. Не предсказывает Самосбор, зато объясняет ложные сирены.",20,0,0,0,none
samosbor_tally,Ведомость самосборов,Samosbor Tally,MISC,28,1,,1000,OFFICE|HQ|COMMON,1,None,,,,,,,,,,None,,,,,,2,0,3,0,0,0,0,0,workbench,0,0,,,Зоны отмечены красным карандашом.,200,0,0,0,none
sample_chain_form,Бланк цепочки пробы,Sample chain form,MISC,60,6,6,450,MEDICAL|OFFICE|HQ,1,None,,,,,,,,,,None,,,,,,0,0,2,2,1,0,0,0,workbench,0,7,audit|document|nii|official,audit|chain_of_custody|document|legal_handoff|nii|official|sample_form,"Форма, где банка становится доказательством: кто взял, кто нес, кто не вскрывал.",20,0,0,0,none
sample_cork_seal,Пробковая пломба,Cork filling,MISC,9,12,12,700,OFFICE|MEDICAL|STORAGE,4,None,,,,,,,,,,None,,,,,,0,0,1,1,1,0,0,0,workbench,0,5,evidence|trade,component|evidence|sampleware|seal|trade,"Малая пробка с сургучным кольцом. Стоит копейки, пока не выяснится, что без неё банка стала мусором.",150,0,0,0,none
sand_spoiled_ration,Пайка с белым песком,Ration with White Sand,FOOD,0,255,,0,,30,None,,,,,,,,,,FeedRisky,4,-6,,,,0,0,0,1,0,0,0,0,any,0,3,,food|spoiled|veretar,"Еда, в которую попал белый песок. Съедобность осталась только формально.",400,0,0,0,none
sanitary_kit,Санитарный набор,Sanitary Kit,MEDICINE,90,255,,1000,MEDICAL|STORAGE,1,None,,,,,,,,,,Heal,45,,,,,0,0,3,0,5,0,0,0,lab,1,3,medicine,medicine|sanitary|triage,"Бинт, спирт и инструкция без подписи. Лечит владельца или уходит целиком на карантинную сортировку.",120,0,0,0,none
screen_unit,Экран,Screen,MISC,44,3,3,450,OFFICE|LIVING|STORAGE|PRODUCTION,1,None,,,,,,,,,,None,,,,,,1,3,1,0,0,0,0,0,net_terminal,0,4,electronics|repair,electronics|repair|screen|terminal,Малый экран с зелёным послесвечением. Терминал без него только слушает.,500,0,0,0,none
scrubbed_weapon_tag,Сбитая оружейная бирка,Knocked down gun tag,MISC,50,4,4,250,SMOKING|STORAGE,1,None,,,,,,,,,,None,,,,,,0,0,4,0,0,1,0,0,workbench,0,5,audit|contraband|document|forgery,audit|contraband|document|forgery|weapon_permit,"Номер сбит до металла. Рынок берет как тишину, ликвидаторы - как повод.",20,0,0,0,none
seal_wax,Сургуч,Sealing Wax,MISC,14,1,,1000,OFFICE|STORAGE,1,None,,,,,,,,,,None,,,,,,0,0,3,0,0,0,0,0,workbench,0,0,,,Красная крошка для окончательных бумаг.,200,0,0,0,none
sealant_tube,Тюбик герметика,Tube of sealant,MISC,20,1,,1000,PRODUCTION|STORAGE|BATHROOM,1,None,,,,,,,,,,None,,,,,,1,0,2,0,0,0,0,0,workbench,0,5,cleanup|repair,cleanup|heatline|repair|sealant|technical_cleanup,"Серый состав для щелей, труб и ликвидаторских зачисток. Дёшево закрывает шов, но тюбик уходит целиком.",200,0,0,0,none
sealed_complaint,Жалоба под сургучом,Wax-Sealed Complaint,MISC,16,1,,1000,LIVING|OFFICE,1,None,,,,,,,,,,None,,,,,,0,0,3,0,0,0,0,0,workbench,0,0,,,Конверт запечатан до прочтения.,200,0,0,0,none
sealed_veretar_sand,Белый песок в гермопакете,White Sand in a Hermobag,MISC,260,3,3,0,,1,None,,,,,,,,,,None,,,,,,0,0,2,4,5,0,0,0,lab,1,5,evidence|reagent|sample,evidence|reagent|sample|sealed|veretar,"Запечатанная проба Веретара. Пакет не даёт песку сушить пайки, фото и пропуска; Министерство и НИИ принимают как улику.",150,0,0,0,none
shark_scale,Акулья чешуя,Shark Scale,MISC,1000,1,,30,BATHROOM|STORAGE,1,None,,,,,,,,,,None,,,,,,0,0,6,5,5,0,0,0,workbench,2,4,contraband,contraband|fake|rare_trophy|water,"Мокрая чешуя из водного хода. Может быть подделкой, но рынок платит за редкость.",200,0,0,0,none
shelter_seat_card,Карточка места в укрытии,Shelter location card,MISC,68,4,4,320,COMMON|OFFICE|HQ,1,None,,,,,,,,,,None,,,,,,0,0,8,0,0,0,0,0,workbench,1,7,access|document|official|permit|samosbor,access|document|official|permit|samosbor|shelter|shelter_tally,Честная карточка на одно место у гермодвери. Соседи читают ее громче сирены.,20,0,0,0,none
shelter_seat_forgery,Поддельная карточка укрытия,Fake hideout card,MISC,46,4,4,200,SMOKING|OFFICE|COMMON,1,None,,,,,,,,,,None,,,,,,2,0,3,0,0,0,0,0,workbench,0,7,audit|contraband|document|forgery|permit,audit|contraband|document|forged|forgery|permit|shelter,"Липовое место в укрытии. Дверь может поверить, но очередь помнит лица.",20,0,0,0,none
shelter_tally,Ведомость укрытых,Shelter Roster,MISC,75,1,,1000,OFFICE|HQ|COMMON,1,None,,,,,,,,,,None,,,,,,3,0,5,0,0,0,0,0,workbench,1,4,document|evidence,document|evidence|istotit|shelter_tally,"Список после Истотита: кого укрыло, кто пропал, кого удобно вписать. Используй, сдай, продай, спрячь или подделай.",20,0,0,0,none
shmk_disposable,ШМК,ShMK,WEAPON,520,1,,80,HQ|STORAGE,1,Weapon,,,,,,,,,,None,,,,,shmk_disposable,3,1,0,0,7,5,0,0,lathe,2,10,cleanup|liquidator|single_use|weapon,cleanup|collateral|flame|fuel|fuel_clear|liquidator|panic_clear|rare_crate|single_use|weapon,Одноразовый огневой пакет. Урон 11x8. Выстрелил - и коробка ушла; рядом с документами лучше не проверять.,3000,0,0,0,none
shock_baton,Шоковая дубинка,Shock Baton,WEAPON,360,1,,160,HQ|OFFICE|SMOKING,1,Weapon,,,,,,,,,,None,,,,,,4,1,0,0,0,6,0,0,lathe,1,6,contraband|electronics|liquidator|weapon,contraband|control|electronics|liquidator|ovb|weapon,"ОВБ любит её за порядок. Урон 9. По людям работает как стопор, по твари - как просьба подождать. Прочность 80",1400,0,0,0,none
shotgun,Обрез,Sawed-Off,WEAPON,950,1,,1000,STORAGE,1,Weapon,,,,,,,,,,None,,,,,ammo_shells,6,2,0,0,1,7,0,0,lathe,2,0,,,Обрез. Урон 12×7. Широкий близкий стоппер для коридора. Дробь,3200,0,0,0,none
siren_energy,Энергетик Сирена,Siren Energy,DRINK,14,255,,1000,STORAGE|HQ,3,None,,,,,,,,,,DrinkStim,18,10,,,,0,0,2,0,1,0,0,0,workbench,0,0,,,"Сладкий напиток для ночного дежурства. Даёт воду и немного бодрости, потом просит санузел.",600,0,0,0,none
siren_instruction,Инструкция при сирене,Siren Instructions,MISC,4,1,,1000,COMMON|OFFICE|LIVING,1,None,,,,,,,,,,None,,,,,,0,0,2,0,0,0,0,0,workbench,0,0,,,Третий пункт вымаран фиолетовым.,200,0,0,0,none
siren_shard,Осколок сирены,Siren Shard,MISC,90,1,,1000,CORRIDOR|STORAGE,1,None,,,,,,,,,,None,,,,,,2,0,3,0,0,0,3,0,lab,1,4,evidence|psi|samosbor,evidence|psi|rare_trophy|samosbor,Кусок красного пластика после тревоги. НИИ и ликвидаторы берут как улику Самосбора.,150,0,0,0,none
sledgehammer,Кувалда,Sledgehammer,WEAPON,260,1,,1000,PRODUCTION,1,Weapon,,,,,,,,,,None,,,,,,5,0,0,0,0,6,0,0,lathe,1,0,,,"Медленная кувалда. Урон 52. Большой замах, большой стоп. Прочность 85",5000,0,0,0,none
sleeping_pills,Снотворное «Попобава»,"Sleeping pill ""Popobava""",MEDICINE,62,255,,350,MEDICAL|SMOKING,1,None,,,,,,,,,,SleepingPills,45,-4,,,,0,0,3,0,5,0,0,0,lab,1,6,black_market|medicine,black_market|controlled|forced_rest|medicine|risk|sleep,"Малый блистер для принудительного сна после смены, погони или чужого рецепта. Сон приходит сразу; вода, еда и осторожность уходят первыми.",120,0,0,0,none
slime_age_label_brown,Бирка молодой слизи,Young Slime Tag,MISC,22,8,8,320,MEDICAL|OFFICE|PRODUCTION,2,None,,,,,,,,,,None,,,,,,0,0,2,1,2,0,0,0,lab,0,5,document|evidence|slime,age_label|brown_slime|document|evidence|slime,"Коричневая бирка первичного налёта. Доказательство дешёвое, зато жильцы верят ему быстрее, чем лекции НИИ.",20,0,0,0,none
slime_age_label_orange,Бирка подростковой слизи,Teen Slime Tag,MISC,52,8,8,200,MEDICAL|OFFICE|PRODUCTION,1,None,,,,,,,,,,None,,,,,,0,0,2,1,2,0,0,0,lab,0,8,audit|cleanup|document|evidence|nii|slime,age_label|audit|cleanup|document|evidence|nii|orange_slime|slime,"Оранжевая метка трёхдневной слизи: ожог, волдыри, акт и просьба не идти босиком.",20,0,0,0,none
slime_age_label_violet,Бирка взрослой слизи,Adult Slime Tag,MISC,130,4,4,80,MEDICAL|HQ|PRODUCTION,1,None,,,,,,,,,,None,,,,,,0,0,3,2,3,0,0,0,lab,1,5,document|evidence|slime,age_label|document|evidence|slime|violet_slime,"Тёмно-фиолетовая бирка взрослого остатка. Такая метка стоит дорого, потому что рядом с ней обычно уже ползут стены.",20,0,0,0,none
slime_calcified_chip,Окаменевший скол слизи,Petrified Slime Chip,MISC,78,6,6,180,PRODUCTION|STORAGE|MEDICAL,1,None,,,,,,,,,,None,,,,,,0,0,1,3,4,0,0,0,lab,1,7,nii|reagent|sample|slime,aftermath|calcified|factory_input|nii|reagent|sample|slime,"Твёрдый кусок умершей слизи. Его можно сдать как зрелый образец, пустить в печь или оставить техникам как проклятый минерал.",250,0,0,0,none
slime_motor_node,Моторный узел слизи,Slime motor assembly,MISC,190,3,3,80,MEDICAL|PRODUCTION,1,None,,,,,,,,,,None,,,,,,0,0,2,4,5,0,0,0,lab,1,9,evidence|nii|sample|slime|trade,aftermath|evidence|legal_handoff|movement|nii|organ|sample|slime|trade,"Малый дрожащий узел из слизи, которая слишком хорошо помнила движение. НИИ платит, если донести без разреза; рынок платит, если не спрашивать, почему он дёргается.",150,0,0,0,none
slime_sample_black,Проба чёрной слизи,Black Slime Sample,MISC,220,1,,0,,1,None,,,,,,,,,,None,,,,,,0,0,2,3,6,0,0,0,workbench,1,5,sample|slime,black_slime|mass|sample|slime|uv,Массовая тёмная проба в толстой банке. Ликвидаторы требуют УФ-проверку перед сдачей.,250,0,0,0,none
slime_sample_blue,Проба голубой слизи,Blue Slime Sample,MISC,170,1,,0,,1,None,,,,,,,,,,None,,,,,,0,0,2,3,6,0,0,0,workbench,1,5,sample|slime,blue_slime|energy|glow|sample|slime,Светящийся остаток в толстой банке. НИИ просит держать вдали от ламп и журналов допуска.,250,0,0,0,none
slime_sample_brown,Проба коричневой слизи,Brown Slime Sample,MISC,35,1,,0,,1,None,,,,,,,,,,None,,,,,,0,0,1,2,2,0,0,0,workbench,0,5,cleanup|sample|slime,brown_slime|cleanup|sample|slime|toxic,"Запечатанная пробирка с токсичным дешёвым остатком после самосбора. Жильцы платят за чистый проход, НИИ - за акт ошибки.",250,0,0,0,none
slime_sample_contaminated,Заражённая проба слизи,Contaminated Slime Sample,MISC,75,1,,0,,1,None,,,,,,,,,,None,,,,,,0,0,1,3,4,0,0,0,workbench,1,0,,,"Пробирка запечатана криво. Образец годится для доноса, рынка или плохой ошибки.",200,0,0,0,none
slime_sample_fake,Поддельная проба слизи,Fake Slime Sample,MISC,25,1,,0,,1,None,,,,,,,,,,None,,,,,,0,0,1,2,2,0,0,0,workbench,0,0,,,"Чай, крахмал и правильная бирка НИИ. С виду научно, по совести пусто.",200,0,0,0,none
slime_sample_green,Проба зелёной слизи,Green Slime Sample,MISC,120,1,,0,,1,None,,,,,,,,,,None,,,,,,0,0,1,3,4,0,0,0,workbench,1,5,sample|slime,acid|green_slime|ovs|sample|slime,"Кислотная проба ОВС в толстом стекле. НИИ просит не ставить её рядом с едой, тканью и тем, что жалко.",250,0,0,0,none
slime_sample_red,Проба красной слизи,Red Slime Sample,MISC,130,1,,0,,1,None,,,,,,,,,,None,,,,,,0,0,1,3,4,0,0,0,workbench,1,5,sample|slime,adhesive|red_slime|sample|slime|trap,"Липкий красный образец для ловушек, растворителей и плохих служебных идей.",250,0,0,0,none
slime_sample_seroburmaline,Проба серобурмалиновой слизи,Seroburmaline Slime Sample,MISC,360,1,,0,,1,None,,,,,,,,,,None,,,,,,0,0,2,3,5,0,1,0,lab,1,5,sample|slime,no_look|sample|seroburmaline_slime|slime|void,Переливчатый образец для ПСИ- и пустотных исследований. НИИ принимает только в целой таре.,250,0,0,0,none
slime_sample_silver,"Прозрачная слизь, пломба","Transparent Slime, Sealed",MISC,220,1,1,0,,1,None,,,,,,,90,30,80,None,,,,,,0,0,2,4,4,0,1,0,lab,1,7,contraband|sample|slime,contraband|deceptive_value|sample|sealed|silver_slime|slime|transparent_slime,Запечатанная прозрачная проба НИИ с серебристой кромкой. Дорого стоит именно пока не вскрыта; E — вскрыть и попробовать на свой счет.,250,0,0,0,none
slime_sample_silver_open,"Прозрачная слизь, вскрыта","Transparent Slime, Opened",MISC,45,1,1,0,,1,None,,,,,,,,,90,None,,,,,,0,0,1,1,2,0,1,0,lab,0,7,sample|slime,contaminant|deceptive_value|opened|sample|silver_slime|slime|transparent_slime,"Открытая прозрачная проба. Наука платит хуже, рынок делает вид, что банка всё ещё ценная; E — уничтожить остаток.",250,0,0,0,none
slime_sample_white,Проба белой слизи,White Slime Sample,MISC,180,1,,0,,1,None,,,,,,,,,,None,,,,,,0,0,2,3,6,0,0,0,workbench,1,5,sample|slime,mutagenic|no_look|sample|slime|white_slime,Матовая пробирка с мутагенным белым остатком. На неё не смотрят дольше подписи в форме 728/01-Д.,250,0,0,0,none
slime_scraper,Скребок для слизи,Slime scraper,TOOL,38,1,,850,STORAGE|PRODUCTION,1,Tool,64,,,,,,,,,None,,,,,,2,0,1,0,1,1,0,0,lab,0,6,cleanup|liquidator|slime|tool,brown_slime|cleanup|liquidator|manual_cleanup|slime|tool,Жестяной скребок для сухой зачистки. Зажмите R: медленно снимает ближайшую слизь без бензина и без уважения ревизии.,600,0,0,0,none
slime_sense_node,Чувствительный узел слизи,Sensitive mucus node,MISC,210,3,3,0,,1,None,,,,,,,,,,None,,,,,,0,0,2,4,5,0,0,0,lab,1,8,evidence|nii|sample|slime,aftermath|echolocation|evidence|nii|organ|sample|sense|slime,"Слепой слизевой орган реагирует на запах, стук и чужой палец. НИИ платит за целый; рынок берёт без акта, ликвидатор просит сжечь.",150,0,0,0,none
slyoznev_pps41,ППС-41 Слизнёва,PPS-41 Slizneva,WEAPON,1100,1,,180,HQ|STORAGE,1,Weapon,,,,,,,,,,None,,,,,ammo_9mm,5,2,0,0,1,8,0,0,lathe,2,6,liquidator|weapon,ammo_9mm|ammo_burn|liquidator|recruit_stash|smg|weapon,"Учебный пистолет-пулемёт. Урон 7. Быстрее ППШ, мажет шире и съедает 9мм до конца коридора.",3000,0,0,0,none
smoke_candle_check,Дымовая шашка проверки тяги,Smoke bomb draft test,MISC,34,6,6,450,STORAGE|PRODUCTION,1,None,,,,,,,,,,None,,,,,,1,0,3,0,1,0,0,0,workbench,0,7,cleanup|counterplay|liquidator,cleanup|counterplay|liquidator|maintenance|noise|smoke|vent_check,"Малая шашка для вентканала. E: сжечь и понять, тянет ли воздух, без газовой симуляции.",200,0,0,0,none
soap_72,Мыло хозяйственное 72%,Laundry soap 72%,MISC,7,8,8,900,BATHROOM|KITCHEN|STORAGE,5,None,,,,,,,,,,None,,,,,,0,0,2,0,0,0,0,0,workbench,0,3,trade,decontamination|hygiene|trade,"Жёлтый брусок для рук, пола и попытки не пахнуть самосбором. Гигиена здесь тоже товар.",200,0,0,0,none
sound_emitter,Звукоизлучатель,Sound emitter,MISC,58,4,4,350,OFFICE|PRODUCTION|STORAGE,1,None,,,,,,,,,,None,,,,,,1,3,1,0,0,0,0,0,workbench,0,5,electronics|production|repair|trade,electronics|noise|production|repair|trade,"Пищалка из старого стенда. Не приманка: для неё есть банка. Эту деталь берегут для датчика, продают электрику или сдают в цех.",500,0,0,0,none
soup_cube,Суповой кубик,Soup Cube,FOOD,3,255,,1000,KITCHEN|STORAGE,10,None,,,,,,,,,,Feed,12,,,,,0,0,1,1,0,0,0,0,any,0,2,bait,bait|bait_starch,"Спрессованный концентрат бульона. Пахнет как вода из труб охлаждения, но даёт навар.",400,0,0,0,none
spore_print,Споровый отпечаток,Spore Print,MISC,12,1,,1000,STORAGE|PRODUCTION,1,None,,,,,,,,,,None,,,,,,0,0,3,0,0,0,0,0,workbench,0,0,,,Темный отпечаток на бумаге. С него начинают грибную смену.,200,0,0,0,none
spring,Пружина,Spring,MISC,7,1,,1000,PRODUCTION|STORAGE,1,None,,,,,,,,,,None,,,,,,1,0,0,0,0,1,0,0,workbench,0,0,,,Деталь хочет обратно в механизм.,200,0,0,0,none
sterile_bandage,Стерильный бинт,Sterile bandage,MEDICINE,32,255,,700,MEDICAL|HQ,1,None,,,,,,,,,,Heal,25,,,,,0,0,2,0,3,0,0,0,lab,0,3,medicine,bandage|medicine|sterile,"Белый бинт из запаянного пакета. Дороже обычного, потому что к ране не прилагается чужой подвал.",120,0,0,0,none
sterile_swab,Стерильный мазок,Sterile swab,MISC,18,12,12,800,MEDICAL|OFFICE,2,None,,,,,,,,,,None,,,,,,0,0,0,2,1,0,0,0,lab,0,5,evidence|medical|nii|sample,evidence|medical|nii|sample|swab,"Запаянная палочка для малой улики: кровь, слизь, пыль, чужая уверенность. НИИ принимает чистую упаковку; рынок берёт как слабую улику.",150,0,0,0,none
stolen_archive_card,Краденая архивная карточка,Stolen Archive Card,MISC,60,1,,1000,OFFICE,1,None,,,,,,,,,,None,,,,,,0,0,5,0,0,0,0,0,workbench,0,7,access|document|document_gate|evidence,access|archive|document|document_gate|evidence|stolen|theft,Чужое дело на плотном картоне.,20,0,0,0,none
stolen_filter_pack,Краденая пачка фильтров,Stolen pack of filters,MISC,120,3,3,350,STORAGE|HQ|SMOKING,1,None,,,,,,,,,,Unpack,,,gasmask_filter,2,,1,0,5,1,1,0,0,0,workbench,1,9,audit|black_market|contraband|trade,audit|black_market|contraband|filter|gasmask|ppe|stolen|survival|trade,"Сухие фильтры без квитанции. E: вскрыть пачку на два фильтра; дышать помогают, но склад помнит номера.",200,0,0,0,none
stolen_terminal_stamp,Украденная печать терминала,Stolen terminal seal,MISC,155,1,1,160,OFFICE|SMOKING|STORAGE,1,None,,,,,,,,,,None,,,,,,0,3,3,1,1,0,0,0,net_terminal,1,8,audit|black_market|contraband|document|forgery|trade,audit|black_market|contraband|document|forgery|stamp|terminal|trade,"Служебная печать с терминального стола. Очередь подделывает легко, память камер - хуже.",20,0,0,0,none
strange_clot,Странный сгусток,Strange Clot,MISC,500,1,,0,,1,None,,,,,,,,,,None,,,,,,3,0,7,0,0,0,6,0,lab,2,0,,,Пульсирующий остаток теневика. Яков просит держать в банке и не вскрывать в лифте.,200,0,0,0,none
substrate_sack,Мешок субстрата,Substrate Sack,MISC,10,1,,1000,STORAGE|PRODUCTION|BATHROOM,1,None,,,,,,,,,,None,,,,,,0,0,3,0,0,0,0,0,workbench,0,0,,,Влажная труха для стеллажей. Пахнет коллектором и обедом.,200,0,0,0,none
sugar_pack,Сахар,Sugar,FOOD,8,8,8,800,KITCHEN|STORAGE|LIVING,4,None,,,,,,,,,,Feed,6,,,,,0,0,1,1,0,0,0,0,any,0,7,bait|trade,bait|bait_sugar|barter|brewing|food|sugar|trade,"Малый пакет сахара. Съесть можно, но варщики и дети оценят выше.",400,0,0,0,none
syringe_empty,Пустой шприц,Empty syringe,MISC,18,12,12,700,MEDICAL|STORAGE,2,None,,,,,,,,,,None,,,,,,0,0,3,0,0,0,0,0,workbench,0,5,medical|nii|trade,component|injection|medical|nii|trade,"Одноразовый шприц без содержимого и без алиби. Медик видит инструмент, НИИ — расходник, рынок — будущую проблему.",200,0,0,0,none
tanev_svt40,СВТ-40 Танева,SVT-40 Taneva,WEAPON,60000,1,,0,,1,Weapon,,,,,,,,,,None,,,,,ammo_762,25,13,0,0,6,38,0,0,lathe,3,8,liquidator|weapon,ammo_762|darkness_route|liquidator|precision|rifle|sniper|unique_reward|weapon,"Поздняя самозарядная винтовка с подписью Танева. Урон 105. Почти без разброса, медленно и дорого тратит 7.62.",3850,0,0,0,none
tea,Чай,Tea,DRINK,3,255,,1000,KITCHEN|COMMON,10,None,,,,,,,,,,Drink,15,,,,,0,0,1,0,1,0,0,0,any,0,0,,,"Остывший чай из общей кухни. Воды меньше, чем в бутылке, зато найти проще.",600,0,0,0,none
technical_spirit,Технический спирт,Technical alcohol,MISC,44,4,4,420,MEDICAL|PRODUCTION,1,None,,,,,,,,,,TechnicalSpirit,6,-5,,,,0,0,2,1,2,0,0,0,lab,0,7,contraband|medical|reagent|trade,brewing|contraband|fuel|medical|reagent|sterilization|trade,"Запечатанная склянка для раны, горелки и запрещённой кухни. Используйте как грубую стерилизацию или держите для обмена.",300,0,0,0,none
temp_pass,Пропуск временный,Temporary Pass,MISC,20,1,,1000,OFFICE|HQ,1,None,,,,,,,,,,None,,,,,,0,0,3,0,0,0,0,0,workbench,0,4,document,document|expired|ministry|pass,Временный пропуск с истёкшей датой. На слабом посту ещё может сработать.,20,0,0,0,none
terminal_order_receipt,Квитанция терминального заказа,Terminal order receipt,MISC,36,4,4,350,OFFICE|COMMON,1,None,,,,,,,,,,None,,,,,,0,1,4,0,0,0,0,0,workbench,0,5,access|document,access|delivery|document|receipt|terminal,"Чек заказа из терминала. Товар где-то едет, спор уже приехал.",20,0,0,0,none
toiletpaper,Туалетная бумага,Toilet paper,MISC,4,8,8,1000,BATHROOM|STORAGE,8,None,,,,,,,,,,None,,,,,,0,0,2,0,0,0,0,0,workbench,0,5,resident_good|trade,barter|hygiene|paper|resident_good|trade,"Серый рулон для санузла и мелкого обмена. Оставить на общак, купить у кладовщика или продать до очереди.",200,0,0,0,none
tourniquet,Жгут,Tourniquet,MEDICINE,20,255,,1000,MEDICAL|HQ,2,None,,,,,,,,,,Heal,12,,,,,0,0,1,0,2,0,0,0,lab,0,0,,,"Старый резиновый жгут. Быстрое малое лечение, пока не дошли до врача.",120,0,0,0,none
toz_shotgun,ТОЗ,TOZ,WEAPON,1200,1,,1000,STORAGE|HQ,1,Weapon,,,,,,,,,,None,,,,,ammo_shells,6,2,0,0,1,7,0,0,lathe,2,0,,,"Длинный охотничий дробовик. Урон 11x8. Туже, дальше и медленнее обреза. Дробь",2800,0,0,0,none
track_diagram_scrap,Обрывок схемы путей,A fragment of a route diagram,MISC,130,1,1,180,OFFICE|STORAGE|CORRIDOR,1,None,,,,,,,,,,None,,,,,,2,0,3,0,0,3,0,0,workbench,1,4,document|evidence,document|evidence|rail|route,"Кусок изъятой карты депо. Линия оборвана как раз там, где начинается полезное.",20,0,0,0,none
tracked_zhernov,Гусеничный жернов,Crawler millstone,WEAPON,5400,1,,0,,1,Weapon,,,,,,,,,,None,,,,,,14,0,0,0,0,21,0,0,lathe,2,10,liquidator|weapon,liquidator|melee_heavy|metal|production_belt|regenerator_finisher|sobrannyy_counterplay|stationary|theft|tracked|weapon,Пломбированная тележка зачистки. Урон 96. Медленный ближний финишер для собранной твари: включить в проходе или украсть как металл.,14000,0,0,0,none
tt_pistol,ТТ,TT,WEAPON,650,1,,1000,HQ|STORAGE,1,Weapon,,,,,,,,,,None,,,,,ammo_762tt,6,2,0,0,1,7,0,0,lathe,2,0,,,"Пистолет ТТ. Урон 34. Мощнее ПМ, патроны 7.62 ТТ",850,0,0,0,none
tut_cafe_key,Ключ от столовой,,KEY,0,1,,0,,1,None,,,,,,,,,,None,,,,,,1,0,0,0,0,2,0,0,workbench,0,0,,,Служебный ключ от стартовой зоны.,30,0,0,0,none
unpeople_detector,Детектор нелюдей,Unpeople Detector,TOOL,300,1,,1000,OFFICE|MEDICAL,1,Tool,60,,,,,,,,,None,,,,,,4,3,1,0,0,3,0,0,workbench,1,0,,,Коробка пищит рядом с подозрительным жильцом. Ошибается часто.,700,0,0,0,none
unsigned_order,Приказ без подписи,Unsigned Order,MISC,22,1,,1000,OFFICE|HQ,1,None,,,,,,,,,,None,,,,,,0,0,5,0,0,0,0,0,workbench,0,0,,,"Обязателен к исполнению, пока никто не спросил.",200,0,0,0,none
used_gasmask_filter,Отработанный фильтр,Waste filter,MISC,6,6,6,0,,5,None,,,,,,,,,,None,,,,,,0,0,2,0,0,0,0,0,workbench,0,9,audit|cleanup|evidence|liquidator|trade,audit|cleanup|contaminant|evidence|filter|gasmask|liquidator|trade|used,Мокрый фильтр после чужого вдоха и самосборной пыли. Берут за копейки как утиль; аудит видит источник заражения.,150,0,0,0,none
uv_spotlight,УФ-прожектор ликвидатора,Liquidator UV Spotlight,TOOL,950,1,,120,HQ|STORAGE,1,Tool,36,,,,,,,,,None,,,,,,9,0,2,0,0,5,0,0,workbench,2,7,cleanup|counterplay|liquidator|tool,black_slime|cleanup|counterplay|directed_light|liquidator|tool|uv,"Штатный прожектор из шкафов зачистки. Слот инструмента, R: короткий направленный УФ-импульс по взгляду против глаз, духов и чёрных следов. Батарея: 36 импульсов",1200,0,0,0,none
vacuum,Пылесос,Vacuum Cleaner,TOOL,500,1,,1000,STORAGE|LIVING|PRODUCTION,1,Tool,50,,,,,,,,,None,,,,,,6,5,1,0,0,4,0,0,workbench,2,0,,,Всасывает самосборный туман и свет из вашей клетки и соседних. R: очистить область вокруг себя. Не вскрывать мешок,6000,0,0,0,none
valve_tag,Бирка вентиля,Valve Tag,MISC,12,1,,1000,PRODUCTION|STORAGE,1,None,,,,,,,,,,None,,,,,,0,0,3,0,0,0,0,0,workbench,0,3,,heatline|pressure|proof,"Металл с чужим номером давления. Доказательство, что нулевой сброс был открыт руками, а не слухом.",200,0,0,0,none
veretar_sand,Белый песок,White Sand,MISC,160,6,6,0,,1,None,,,,,,,,,,None,,,,,,0,0,3,0,8,0,0,0,lab,1,5,evidence|reagent,contaminant|evidence|reagent|unsealed|veretar,"Сухой белый песок с белого окна Веретара. Открытая проба портит еду и бумаги; запечатай, сдай или вытряхни как опасную улику.",150,0,0,0,none
void_archive_warrant,Пустотный архивный ордер,Void Archive Warrant,MISC,120,1,,1000,OFFICE|STORAGE,1,None,,,,,,,,,,None,,,,,,0,0,56,0,0,0,0,34,net_terminal,4,5,document|evidence,archive|document|evidence|void|warrant,"Архивный ордер на нижние дела. Без подписи подозрителен, но редок.",20,0,0,0,none
void_spike,Пустотный шип,Void Spike,MISC,1500,1,,0,,1,None,,,,,,,,,,None,,,,,,21,0,0,0,0,34,14,21,net_terminal,4,4,evidence|psi,evidence|psi|rare_trophy|void,Черный шип из нижнего маршрута. Носить отдельно от документов и еды.,150,0,0,0,none
voluntary_receipt,Расписка о добровольном участии,Receipt for Voluntary Participation,MISC,14,1,,1000,OFFICE|HQ,1,None,,,,,,,,,,None,,,,,,0,0,3,0,0,0,0,0,workbench,0,0,,,Добровольность проставлена печатью.,200,0,0,0,none
water,Вода,Water,DRINK,2,255,,1000,KITCHEN|STORAGE|BATHROOM,15,None,,,,,,,,,,Drink,25,,,,,0,0,1,0,0,0,0,0,any,0,0,,,Бутылка воды. Берите перед лифтом: без воды таблетки и бег быстро становятся хуже.,600,0,0,0,none
water_coupon,Талон на воду,Water Coupon,MISC,2,1,,1000,OFFICE|COMMON|KITCHEN,1,None,,,,,,,,,,None,,,,,,0,0,1,0,0,0,0,0,workbench,0,4,document,coupon|document|economy|ration,"Бумага на право одной бутылки. Используйте честно, украдите как улику или пустите в подделку.",10,0,0,0,none
water_filter_regulator,Регулятор фильтра воды,Water filter regulator,MISC,82,3,3,300,KITCHEN|PRODUCTION|STORAGE,1,None,,,,,,,,,,None,,,,,,4,0,0,0,0,4,0,0,lathe,1,8,production|repair,filter|maintenance|production|regulator|repair|repair_input|tools|water,Ручка и мембрана для узла воды. Чинит выдачу фильтрованной воды; без паспорта насоса выглядит как кража из стояка.,200,0,0,0,none
water_reservoir_quota,Квота резервуара воды,Water tank quota,MISC,34,4,4,280,OFFICE|KITCHEN|HQ,1,None,,,,,,,,,,None,,,,,,2,0,3,0,0,0,0,0,workbench,0,6,document|official|single_use,coupon|document|official|ration|single_use|water,"Квота на малую выдачу воды. Бумага сухая, очередь мокрая.",10,0,0,0,none
water_reservoir_sample,Проба воды из резервуара,Tank water sample,MISC,38,6,6,450,BATHROOM|KITCHEN|PRODUCTION,1,None,,,,,,,,,,None,,,,,,0,0,0,3,2,0,0,0,lab,0,4,evidence|sample,evidence|reservoir|sample|water,"Мутная бутылка из суточного бака. Для НИИ это вода, для жильцов — вопрос, почему талон пахнет металлом.",150,0,0,0,none
weapon_blueprint_t2,Чертёж оружия Т2,T2 weapon blueprint,MISC,260,1,1,180,HQ|OFFICE|STORAGE,1,None,,,,,,,,,,None,,,,,,0,0,5,1,1,1,0,0,workbench,1,10,access|audit|contraband|document|production|weapon,access|armory|audit|blueprint|contraband|document|production|recipe|tier2|weapon,"Оружейная схема без подписи мастера. Можно потратить в оружейной на ЧИЖ-3 или продать тем, кто не спросит допуск.",20,0,0,0,none
weapon_checkout_tag,Оружейная бирка,Gun tag,MISC,44,6,6,450,HQ|STORAGE|OFFICE,1,None,,,,,,,,,,None,,,,,,0,0,4,0,0,1,0,0,workbench,0,7,audit|document|evidence|official|weapon,armory|audit|document|evidence|official|weapon|weapon_permit,"Бирка с номером ячейки. Её можно вернуть с оружием, без оружия или вместе с объяснением.",20,0,0,0,none
weapon_permit_forged,Липовое оружейное разрешение,Fake Weapon Permit,MISC,58,1,,1000,OFFICE|SMOKING,1,None,,,,,,,,,,None,,,,,,0,0,5,0,0,0,0,0,workbench,0,7,audit|contraband|document|forgery|permit,audit|contraband|document|forged|forgery|permit|weapon_permit,Подделка под оружейный допуск. Контрабандная бумага: можно рискнуть или сдать ликвидатору как конфискат.,20,0,0,0,none
weapon_permit_signed,Разрешение на короткоствол,Handgun Permit,MISC,95,1,,1000,OFFICE|HQ,1,None,,,,,,,,,,None,,,,,,0,0,8,0,0,0,0,0,workbench,1,7,access|document|official|permit,access|document|legal|official|permit|short_sidearm|weapon_permit,Официальная бумага на один пистолетный случай. В бюро открывает законную покупку самоделки; автомат не признает.,20,0,0,0,none
wet_rag_bundle,Мокрые тряпки,Wet rags,MISC,4,6,6,1000,BATHROOM|KITCHEN,6,None,,,,,,,,,,None,,,,,,1,0,1,0,0,0,0,0,any,0,7,cleanup|counterplay,cleanup|counterplay|filter|improvised|smog|smoke|wet_cloth,"Кухонная тряпка, вода и страх. Дешёвая замена фильтру: в смоге тратится на короткий рывок.",200,0,0,0,none
wrench,Ключ гаечный,Wrench,WEAPON,35,1,,1000,PRODUCTION|STORAGE,1,Weapon,,,,,,,,,,None,,,,,,2,0,0,0,0,3,0,0,lathe,0,0,,,"Надёжный ключ слесаря. Урон 12. Живёт дольше молотка, бьёт честно. Прочность 115",1100,0,0,0,none
yeast_bread,Дрожжевой хлеб,Yeast Bread,FOOD,8,255,,1000,KITCHEN,4,None,,,,,,,,,,Feed,25,,,,,0,0,1,1,0,0,0,0,any,0,3,bait,bait|bait_stale|bait_starch,"Пористая буханка из сырой муки. Если оставить у теплой батареи, она снова начинает расти.",400,0,0,0,none
zatychkin_pistol,Пистолет Затычкина,Zatychkin pistol,WEAPON,900,1,,120,HQ|OFFICE,1,Weapon,,,,,,,,,,None,,,,,ammo_9mm,5,2,0,0,1,8,0,0,lathe,2,8,liquidator|weapon,ammo_9mm|burst|liquidator|officer|officer_stash|ovb|sidearm|weapon,"Офицерская нервная скорострелка. Урон 17. Темп выше ПМ, разброс шире, 9мм уходят без доклада.",750,0,0,0,none
zhek_seal,Печать ЖЭК,ZHEK Stamp,MISC,120,1,,1000,OFFICE|COMMON,1,None,,,,,,,,,,None,,,,,,3,0,5,0,0,0,0,0,workbench,1,0,,,"Резиновая печать для актов, жалоб и мокрых справок.",200,0,0,0,none
zhelemish_boiled,Варёный желемыш,Boiled Zhelemish,MEDICINE,16,255,,1000,KITCHEN|MEDICAL,2,None,,,,,,,,,,Heal,8,,,,,0,0,1,0,2,0,0,0,lab,0,3,,skin_status|treated|zhelemish,Слизистая припарка после кипятка. Немного лечит и даёт дешёвую защиту кожи.,120,0,0,0,none
zhelemish_dried,Сушёный желемыш,Dried Zhelemish,FOOD,11,255,,1000,STORAGE|KITCHEN,3,None,,,,,,,,,,Feed,16,,,,,0,0,1,2,0,0,0,0,workbench,0,5,bait,bait|bait_fungal|skin_status|treated|zhelemish,Тёмная дублёная пластина из погреба. Безопаснее сырого и всё ещё годится как грибная приманка.,400,0,0,0,none
zhelemish_raw,Сырой желемыш,Raw Zhelemish,FOOD,5,255,,1000,STORAGE|BATHROOM,6,None,,,,,,,,,,FeedRisky,10,-6,,,,0,0,1,1,0,0,0,0,any,0,6,bait,bait|bait_fungal|bait_risky|raw|skin_status|zhelemish,"Холодный комок погребной плесени. Даёт сытость, грубо дубит кожу и бьёт по здоровью.",400,0,0,0,none
zhelemish_sample_contaminated,Загрязнённый образец желемыша,Contaminated Zhelemish Sample,MISC,18,1,1,0,,1,None,,,,,,,,,,None,,,,,,0,0,0,2,1,0,0,0,workbench,0,4,nii|sample,contaminated|nii|sample|zhelemish,"Открытый комок желемыша с чужой пылью, кожей и грибницей. Годится для слухов, но НИИ такой образец не примет.",250,0,0,0,none
zhelemish_sample_sealed,Запечатанный образец желемыша,Sealed Zhelemish Sample,MISC,240,1,1,0,,1,None,,,,,,,,,,None,,,,,,0,0,1,6,4,0,0,0,workbench,1,4,nii|sample,nii|sample|sealed|zhelemish,Чистая проба желемыша в таре НИИ. Пломба важнее содержимого: без неё лаборатория видит только грязь и повод.,250,0,0,0,none
zinc_slime_bucket,Цинковое ведро для слизи,Zinc Slime Bucket,MISC,210,1,1,0,,1,None,,,,,,,,,,None,,,,,,0,0,2,4,5,0,0,0,lab,1,7,cleanup|evidence|liquidator|samosbor|sample|slime,cleanup|container|evidence|liquidator|samosbor|sample|slime,Тяжёлое ведро с пломбой зачистки. НИИ и ликвидаторы платят за полный акт; рынок платит за риск.,150,0,0,0,none
